0,0,0,D0:F0:18:43:F8:47,-60,1638624859039
0,0,1,D0:F0:18:43:F8:36,-69,1638624859542
0,0,2,D0:F0:18:43:F8:36,-68,1638624860047
0,0,3,D0:F0:18:43:F8:47,-66,1638624860554
0,0,4,D0:F0:18:43:F8:47,-68,1638624861061
0,0,5,D0:F0:18:43:F8:36,-69,1638624861568
0,0,6,D0:F0:18:43:F8:2A,-71,1638624862073
0,0,7,D0:F0:18:43:F8:2A,-71,1638624862580
0,0,8,D0:F0:18:43:F8:47,-62,1638624863086
0,0,9,D0:F0:18:43:F8:36,-69,1638624863593
0,0,10,D0:F0:18:43:F8:47,-70,1638624864099
0,0,11,D0:F0:18:43:F8:36,-68,1638624864605
0,0,12,D0:F0:18:43:F8:47,-61,1638624865111
0,0,13,D0:F0:18:43:F8:36,-66,1638624865616
0,0,14,D0:F0:18:43:F8:47,-61,1638624866122
0,0,15,D0:F0:18:43:F8:47,-61,1638624866628
0,0,16,D0:F0:18:43:F8:2A,-73,1638624867132
0,0,17,D0:F0:18:43:F8:36,-66,1638624867638
0,0,18,D0:F0:18:43:F8:47,-61,1638624868146
0,0,19,D0:F0:18:43:F8:2A,-68,1638624868652
0,0,20,D0:F0:18:43:F8:47,-63,1638624869157
0,0,21,D0:F0:18:43:F8:47,-63,1638624869663
0,0,22,D0:F0:18:43:F8:47,-62,1638624870169
0,0,23,D0:F0:18:43:F8:2A,-72,1638624870674
0,0,24,D0:F0:18:43:F8:36,-65,1638624871178
0,0,25,D0:F0:18:43:F8:47,-62,1638624871684
0,0,26,D0:F0:18:43:F8:47,-66,1638624872190
0,0,27,D0:F0:18:43:F8:2A,-71,1638624872696
0,0,28,D0:F0:18:43:F8:36,-69,1638624873201
0,0,29,D0:F0:18:43:F8:47,-62,1638624873706
0,0,30,D0:F0:18:43:F8:47,-63,1638624874211
0,0,31,D0:F0:18:43:F8:47,-62,1638624874717
0,0,32,D0:F0:18:43:F8:47,-66,1638624875222
0,0,33,D0:F0:18:43:F8:47,-62,1638624875727
0,0,34,D0:F0:18:43:F8:2A,-69,1638624876233
0,0,35,D0:F0:18:43:F8:36,-65,1638624876738
0,0,36,D0:F0:18:43:F8:2A,-72,1638624877243
0,0,37,D0:F0:18:43:F8:2A,-73,1638624877748
0,0,38,D0:F0:18:43:F8:36,-66,1638624878253
0,0,39,D0:F0:18:43:F8:2A,-70,1638624878757
0,0,40,D0:F0:18:43:F8:2A,-72,1638624879262
0,0,41,D0:F0:18:43:F8:47,-62,1638624879767
0,0,42,D0:F0:18:43:F8:2A,-74,1638624880272
0,0,43,D0:F0:18:43:F8:2A,-74,1638624880778
0,0,44,D0:F0:18:43:F8:47,-65,1638624881284
0,0,45,D0:F0:18:43:F8:36,-68,1638624881789
0,0,46,D0:F0:18:43:F8:47,-64,1638624882295
0,0,47,D0:F0:18:43:F8:2A,-70,1638624882800
0,0,48,D0:F0:18:43:F8:36,-65,1638624883305
0,0,49,D0:F0:18:43:F8:47,-65,1638624883810
0,0,50,D0:F0:18:43:F8:2A,-71,1638624884314
0,0,51,D0:F0:18:43:F8:36,-69,1638624884819
0,0,52,D0:F0:18:43:F8:47,-66,1638624885325
0,0,53,D0:F0:18:43:F8:36,-65,1638624885831
0,0,54,D0:F0:18:43:F8:2A,-72,1638624886336
0,0,55,D0:F0:18:43:F8:2A,-73,1638624886840
0,0,56,D0:F0:18:43:F8:2A,-71,1638624887345
0,0,57,D0:F0:18:43:F8:2A,-73,1638624887850
0,0,58,D0:F0:18:43:F8:47,-65,1638624888356
0,0,59,D0:F0:18:43:F8:2A,-71,1638624888861
0,0,60,D0:F0:18:43:F8:2A,-72,1638624889366
0,0,61,D0:F0:18:43:F8:2A,-73,1638624889871
0,0,62,D0:F0:18:43:F8:2A,-73,1638624890375
0,0,63,D0:F0:18:43:F8:36,-66,1638624890879
0,0,64,D0:F0:18:43:F8:2A,-72,1638624891383
0,0,65,D0:F0:18:43:F8:47,-65,1638624891888
0,0,66,D0:F0:18:43:F8:2A,-72,1638624892393
0,0,67,D0:F0:18:43:F8:2A,-72,1638624892896
0,0,68,D0:F0:18:43:F8:47,-65,1638624893400
0,0,69,D0:F0:18:43:F8:2A,-71,1638624893904
0,0,70,D0:F0:18:43:F8:47,-64,1638624894408
0,0,71,D0:F0:18:43:F8:47,-64,1638624894912
0,0,72,D0:F0:18:43:F8:2A,-73,1638624895416
0,0,73,D0:F0:18:43:F8:47,-63,1638624895920
0,0,74,D0:F0:18:43:F8:47,-64,1638624896424
0,0,75,D0:F0:18:43:F8:36,-67,1638624896929
0,0,76,D0:F0:18:43:F8:36,-67,1638624897432
0,0,77,D0:F0:18:43:F8:47,-64,1638624897936
0,0,78,D0:F0:18:43:F8:47,-64,1638624898440
0,0,79,D0:F0:18:43:F8:36,-67,1638624898943
0,0,80,D0:F0:18:43:F8:2A,-71,1638624899447
0,0,81,D0:F0:18:43:F8:36,-66,1638624899952
0,0,82,D0:F0:18:43:F8:36,-68,1638624900456
0,0,83,D0:F0:18:43:F8:47,-65,1638624900960
0,0,84,D0:F0:18:43:F8:47,-65,1638624901464
0,0,85,D0:F0:18:43:F8:47,-64,1638624901968
0,0,86,D0:F0:18:43:F8:36,-66,1638624902472
0,0,87,D0:F0:18:43:F8:36,-67,1638624902977
0,0,88,D0:F0:18:43:F8:47,-65,1638624903481
0,0,89,D0:F0:18:43:F8:47,-65,1638624903985
0,0,90,D0:F0:18:43:F8:36,-67,1638624904488
0,0,91,D0:F0:18:43:F8:47,-64,1638624904992
0,0,92,D0:F0:18:43:F8:47,-65,1638624905496
0,0,93,D0:F0:18:43:F8:47,-64,1638624906000
0,0,94,D0:F0:18:43:F8:2A,-72,1638624906504
0,0,95,D0:F0:18:43:F8:47,-64,1638624907007
0,0,96,D0:F0:18:43:F8:47,-65,1638624907511
0,0,97,D0:F0:18:43:F8:36,-67,1638624908016
0,0,98,D0:F0:18:43:F8:47,-65,1638624908520
0,0,99,D0:F0:18:43:F8:47,-64,1638624909023
0,0,100,D0:F0:18:43:F8:36,-66,1638624909527
0,0,101,D0:F0:18:43:F8:2A,-72,1638624910030
0,0,102,D0:F0:18:43:F8:47,-66,1638624910535
0,0,103,D0:F0:18:43:F8:36,-66,1638624911039
0,0,104,D0:F0:18:43:F8:2A,-73,1638624911543
0,0,105,D0:F0:18:43:F8:47,-66,1638624912046
0,0,106,D0:F0:18:43:F8:47,-68,1638624912549
0,0,107,D0:F0:18:43:F8:2A,-72,1638624913052
0,0,108,D0:F0:18:43:F8:47,-65,1638624913556
0,0,109,D0:F0:18:43:F8:47,-65,1638624914059
0,0,110,D0:F0:18:43:F8:2A,-73,1638624914563
0,0,111,D0:F0:18:43:F8:2A,-71,1638624915068
0,0,112,D0:F0:18:43:F8:47,-65,1638624915573
0,0,113,D0:F0:18:43:F8:36,-66,1638624916076
0,0,114,D0:F0:18:43:F8:47,-65,1638624916581
0,0,115,D0:F0:18:43:F8:36,-68,1638624917085
0,0,116,D0:F0:18:43:F8:36,-67,1638624917588
0,0,117,D0:F0:18:43:F8:2A,-71,1638624918092
0,0,118,D0:F0:18:43:F8:2A,-73,1638624918595
0,0,119,D0:F0:18:43:F8:47,-66,1638624919099
1,0,0,D0:F0:18:43:F8:2A,-81,1638624927721
1,0,1,D0:F0:18:43:F8:2A,-80,1638624928228
1,0,2,D0:F0:18:43:F8:2A,-85,1638624928731
1,0,3,D0:F0:18:43:F8:2A,-82,1638624929235
1,0,4,D0:F0:18:43:F8:47,-88,1638624929738
1,0,5,D0:F0:18:43:F8:2A,-73,1638624930240
1,0,6,D0:F0:18:43:F8:2A,-79,1638624930743
1,0,7,D0:F0:18:43:F8:47,-78,1638624931245
1,0,8,D0:F0:18:43:F8:36,-77,1638624931749
1,0,9,D0:F0:18:43:F8:2A,-84,1638624932252
1,0,10,D0:F0:18:43:F8:47,-86,1638624932755
1,0,11,D0:F0:18:43:F8:47,-77,1638624933257
1,0,12,D0:F0:18:43:F8:2A,-82,1638624933761
1,0,13,D0:F0:18:43:F8:2A,-71,1638624934264
1,0,14,D0:F0:18:43:F8:47,-78,1638624934768
1,0,15,D0:F0:18:43:F8:36,-79,1638624935271
1,0,16,D0:F0:18:43:F8:36,-84,1638624935775
1,0,17,D0:F0:18:43:F8:47,-77,1638624936278
1,0,18,D0:F0:18:43:F8:2A,-84,1638624936782
1,0,19,D0:F0:18:43:F8:2A,-82,1638624937285
1,0,20,D0:F0:18:43:F8:2A,-72,1638624937789
1,0,21,D0:F0:18:43:F8:2A,-71,1638624938292
1,0,22,D0:F0:18:43:F8:36,-79,1638624938796
1,0,23,D0:F0:18:43:F8:36,-80,1638624939298
1,0,24,D0:F0:18:43:F8:47,-86,1638624939801
1,0,25,D0:F0:18:43:F8:2A,-85,1638624940305
1,0,26,D0:F0:18:43:F8:36,-79,1638624940808
1,0,27,D0:F0:18:43:F8:2A,-83,1638624941311
1,0,28,D0:F0:18:43:F8:2A,-72,1638624941814
1,0,29,D0:F0:18:43:F8:36,-79,1638624942317
1,0,30,D0:F0:18:43:F8:36,-77,1638624942821
1,0,31,D0:F0:18:43:F8:2A,-84,1638624943326
1,0,32,D0:F0:18:43:F8:36,-77,1638624943829
1,0,33,D0:F0:18:43:F8:47,-85,1638624944332
1,0,34,D0:F0:18:43:F8:47,-79,1638624944835
1,0,35,D0:F0:18:43:F8:36,-77,1638624945338
1,0,36,D0:F0:18:43:F8:36,-81,1638624945843
1,0,37,D0:F0:18:43:F8:2A,-83,1638624946346
1,0,38,D0:F0:18:43:F8:47,-76,1638624946851
1,0,39,D0:F0:18:43:F8:36,-84,1638624947355
1,0,40,D0:F0:18:43:F8:47,-77,1638624947859
1,0,41,D0:F0:18:43:F8:47,-84,1638624948364
1,0,42,D0:F0:18:43:F8:36,-83,1638624948868
1,0,43,D0:F0:18:43:F8:36,-79,1638624949370
1,0,44,D0:F0:18:43:F8:2A,-85,1638624949874
1,0,45,D0:F0:18:43:F8:36,-85,1638624950377
1,0,46,D0:F0:18:43:F8:2A,-71,1638624950880
1,0,47,D0:F0:18:43:F8:36,-81,1638624951383
1,0,48,D0:F0:18:43:F8:36,-76,1638624951886
1,0,49,D0:F0:18:43:F8:36,-76,1638624952390
1,0,50,D0:F0:18:43:F8:2A,-85,1638624952894
1,0,51,D0:F0:18:43:F8:2A,-85,1638624953397
1,0,52,D0:F0:18:43:F8:36,-77,1638624953899
1,0,53,D0:F0:18:43:F8:36,-76,1638624954403
1,0,54,D0:F0:18:43:F8:36,-83,1638624954906
1,0,55,D0:F0:18:43:F8:36,-77,1638624955409
1,0,56,D0:F0:18:43:F8:36,-82,1638624955913
1,0,57,D0:F0:18:43:F8:47,-78,1638624956416
1,0,58,D0:F0:18:43:F8:36,-78,1638624956919
1,0,59,D0:F0:18:43:F8:36,-77,1638624957423
1,0,60,D0:F0:18:43:F8:47,-77,1638624957927
1,0,61,D0:F0:18:43:F8:2A,-85,1638624958430
1,0,62,D0:F0:18:43:F8:47,-77,1638624958933
1,0,63,D0:F0:18:43:F8:2A,-82,1638624959437
1,0,64,D0:F0:18:43:F8:47,-77,1638624959940
1,0,65,D0:F0:18:43:F8:47,-78,1638624960444
1,0,66,D0:F0:18:43:F8:36,-77,1638624960948
1,0,67,D0:F0:18:43:F8:47,-83,1638624961451
1,0,68,D0:F0:18:43:F8:47,-77,1638624961954
1,0,69,D0:F0:18:43:F8:47,-77,1638624962457
1,0,70,D0:F0:18:43:F8:47,-74,1638624962960
1,0,71,D0:F0:18:43:F8:2A,-85,1638624963462
1,0,72,D0:F0:18:43:F8:36,-85,1638624963965
1,0,73,D0:F0:18:43:F8:2A,-80,1638624964467
1,0,74,D0:F0:18:43:F8:47,-79,1638624964971
1,0,75,D0:F0:18:43:F8:36,-80,1638624965475
1,0,76,D0:F0:18:43:F8:47,-86,1638624965978
1,0,77,D0:F0:18:43:F8:47,-78,1638624966480
1,0,78,D0:F0:18:43:F8:2A,-81,1638624966984
1,0,79,D0:F0:18:43:F8:47,-77,1638624967488
1,0,80,D0:F0:18:43:F8:47,-83,1638624967990
1,0,81,D0:F0:18:43:F8:36,-82,1638624968493
1,0,82,D0:F0:18:43:F8:47,-86,1638624968996
1,0,83,D0:F0:18:43:F8:36,-76,1638624969499
1,0,84,D0:F0:18:43:F8:36,-81,1638624970002
1,0,85,D0:F0:18:43:F8:47,-73,1638624970506
1,0,86,D0:F0:18:43:F8:47,-74,1638624971010
1,0,87,D0:F0:18:43:F8:2A,-74,1638624971512
1,0,88,D0:F0:18:43:F8:47,-79,1638624972015
1,0,89,D0:F0:18:43:F8:47,-78,1638624972519
1,0,90,D0:F0:18:43:F8:2A,-84,1638624973022
1,0,91,D0:F0:18:43:F8:2A,-74,1638624973525
1,0,92,D0:F0:18:43:F8:2A,-82,1638624974029
1,0,93,D0:F0:18:43:F8:2A,-74,1638624974532
1,0,94,D0:F0:18:43:F8:2A,-74,1638624975035
1,0,95,D0:F0:18:43:F8:2A,-82,1638624975538
1,0,96,D0:F0:18:43:F8:47,-77,1638624976041
1,0,97,D0:F0:18:43:F8:2A,-86,1638624976545
1,0,98,D0:F0:18:43:F8:2A,-74,1638624977049
1,0,99,D0:F0:18:43:F8:2A,-74,1638624977553
1,0,100,D0:F0:18:43:F8:2A,-74,1638624978058
1,0,101,D0:F0:18:43:F8:2A,-73,1638624978561
1,0,102,D0:F0:18:43:F8:2A,-74,1638624979064
1,0,103,D0:F0:18:43:F8:36,-79,1638624979567
1,0,104,D0:F0:18:43:F8:2A,-84,1638624980070
1,0,105,D0:F0:18:43:F8:2A,-74,1638624980573
1,0,106,D0:F0:18:43:F8:47,-77,1638624981076
1,0,107,D0:F0:18:43:F8:2A,-80,1638624981578
1,0,108,D0:F0:18:43:F8:47,-74,1638624982081
1,0,109,D0:F0:18:43:F8:36,-80,1638624982584
1,0,110,D0:F0:18:43:F8:36,-75,1638624983086
1,0,111,D0:F0:18:43:F8:2A,-74,1638624983589
1,0,112,D0:F0:18:43:F8:47,-81,1638624984092
1,0,113,D0:F0:18:43:F8:36,-85,1638624984595
1,0,114,D0:F0:18:43:F8:2A,-84,1638624985098
1,0,115,D0:F0:18:43:F8:47,-77,1638624985602
1,0,116,D0:F0:18:43:F8:36,-83,1638624986105
1,0,117,D0:F0:18:43:F8:2A,-83,1638624986609
1,0,118,D0:F0:18:43:F8:47,-76,1638624987112
1,0,119,D0:F0:18:43:F8:47,-82,1638624987615
2,0,0,D0:F0:18:43:F8:2A,-74,1638624992158
2,0,1,D0:F0:18:43:F8:2A,-79,1638624992662
2,0,2,D0:F0:18:43:F8:2A,-77,1638624993167
2,0,3,D0:F0:18:43:F8:47,-73,1638624993670
2,0,4,D0:F0:18:43:F8:2A,-73,1638624994174
2,0,5,D0:F0:18:43:F8:2A,-73,1638624994677
2,0,6,D0:F0:18:43:F8:47,-76,1638624995181
2,0,7,D0:F0:18:43:F8:47,-75,1638624995684
2,0,8,D0:F0:18:43:F8:47,-76,1638624996186
2,0,9,D0:F0:18:43:F8:36,-84,1638624996688
2,0,10,D0:F0:18:43:F8:2A,-78,1638624997190
2,0,11,D0:F0:18:43:F8:2A,-87,1638624997693
2,0,12,D0:F0:18:43:F8:47,-77,1638624998195
2,0,13,D0:F0:18:43:F8:36,-84,1638624998698
2,0,14,D0:F0:18:43:F8:2A,-78,1638624999201
2,0,15,D0:F0:18:43:F8:47,-76,1638624999704
2,0,16,D0:F0:18:43:F8:36,-85,1638625000207
2,0,17,D0:F0:18:43:F8:47,-74,1638625000710
2,0,18,D0:F0:18:43:F8:47,-76,1638625001212
2,0,19,D0:F0:18:43:F8:47,-76,1638625001717
2,0,20,D0:F0:18:43:F8:2A,-78,1638625002219
2,0,21,D0:F0:18:43:F8:2A,-87,1638625002724
2,0,22,D0:F0:18:43:F8:36,-85,1638625003227
2,0,23,D0:F0:18:43:F8:2A,-73,1638625003731
2,0,24,D0:F0:18:43:F8:36,-75,1638625004233
2,0,25,D0:F0:18:43:F8:47,-76,1638625004736
2,0,26,D0:F0:18:43:F8:2A,-78,1638625005238
2,0,27,D0:F0:18:43:F8:2A,-78,1638625005742
2,0,28,D0:F0:18:43:F8:36,-84,1638625006245
2,0,29,D0:F0:18:43:F8:2A,-73,1638625006748
2,0,30,D0:F0:18:43:F8:36,-73,1638625007250
2,0,31,D0:F0:18:43:F8:36,-84,1638625007753
2,0,32,D0:F0:18:43:F8:47,-74,1638625008257
2,0,33,D0:F0:18:43:F8:36,-82,1638625008760
2,0,34,D0:F0:18:43:F8:36,-83,1638625009263
2,0,35,D0:F0:18:43:F8:47,-77,1638625009767
2,0,36,D0:F0:18:43:F8:47,-73,1638625010269
2,0,37,D0:F0:18:43:F8:36,-73,1638625010772
2,0,38,D0:F0:18:43:F8:47,-76,1638625011275
2,0,39,D0:F0:18:43:F8:2A,-79,1638625011779
2,0,40,D0:F0:18:43:F8:36,-86,1638625012281
2,0,41,D0:F0:18:43:F8:47,-77,1638625012785
2,0,42,D0:F0:18:43:F8:36,-83,1638625013287
2,0,43,D0:F0:18:43:F8:2A,-79,1638625013790
2,0,44,D0:F0:18:43:F8:47,-74,1638625014293
2,0,45,D0:F0:18:43:F8:36,-75,1638625014795
2,0,46,D0:F0:18:43:F8:2A,-78,1638625015297
2,0,47,D0:F0:18:43:F8:47,-74,1638625015800
2,0,48,D0:F0:18:43:F8:2A,-85,1638625016303
2,0,49,D0:F0:18:43:F8:2A,-86,1638625016805
2,0,50,D0:F0:18:43:F8:47,-76,1638625017309
2,0,51,D0:F0:18:43:F8:36,-81,1638625017812
2,0,52,D0:F0:18:43:F8:47,-74,1638625018315
2,0,53,D0:F0:18:43:F8:47,-74,1638625018818
2,0,54,D0:F0:18:43:F8:47,-74,1638625019321
2,0,55,D0:F0:18:43:F8:47,-76,1638625019823
2,0,56,D0:F0:18:43:F8:47,-75,1638625020326
2,0,57,D0:F0:18:43:F8:47,-78,1638625020829
2,0,58,D0:F0:18:43:F8:36,-76,1638625021332
2,0,59,D0:F0:18:43:F8:2A,-79,1638625021836
2,0,60,D0:F0:18:43:F8:47,-73,1638625022339
2,0,61,D0:F0:18:43:F8:47,-77,1638625022844
2,0,62,D0:F0:18:43:F8:2A,-86,1638625023346
2,0,63,D0:F0:18:43:F8:47,-74,1638625023849
2,0,64,D0:F0:18:43:F8:36,-74,1638625024351
2,0,65,D0:F0:18:43:F8:2A,-79,1638625024854
2,0,66,D0:F0:18:43:F8:47,-76,1638625025356
2,0,67,D0:F0:18:43:F8:36,-85,1638625025860
2,0,68,D0:F0:18:43:F8:36,-73,1638625026364
2,0,69,D0:F0:18:43:F8:47,-77,1638625026867
2,0,70,D0:F0:18:43:F8:47,-74,1638625027370
2,0,71,D0:F0:18:43:F8:2A,-87,1638625027874
2,0,72,D0:F0:18:43:F8:36,-73,1638625028377
2,0,73,D0:F0:18:43:F8:47,-74,1638625028879
2,0,74,D0:F0:18:43:F8:36,-82,1638625029382
2,0,75,D0:F0:18:43:F8:2A,-87,1638625029884
2,0,76,D0:F0:18:43:F8:47,-78,1638625030387
2,0,77,D0:F0:18:43:F8:2A,-78,1638625030891
2,0,78,D0:F0:18:43:F8:36,-82,1638625031395
2,0,79,D0:F0:18:43:F8:47,-74,1638625031898
2,0,80,D0:F0:18:43:F8:2A,-73,1638625032402
2,0,81,D0:F0:18:43:F8:47,-77,1638625032904
2,0,82,D0:F0:18:43:F8:36,-75,1638625033406
2,0,83,D0:F0:18:43:F8:2A,-87,1638625033910
2,0,84,D0:F0:18:43:F8:2A,-73,1638625034413
2,0,85,D0:F0:18:43:F8:36,-83,1638625034916
2,0,86,D0:F0:18:43:F8:2A,-78,1638625035419
2,0,87,D0:F0:18:43:F8:2A,-79,1638625035921
2,0,88,D0:F0:18:43:F8:36,-84,1638625036423
2,0,89,D0:F0:18:43:F8:2A,-87,1638625036925
2,0,90,D0:F0:18:43:F8:2A,-73,1638625037428
2,0,91,D0:F0:18:43:F8:36,-74,1638625037931
2,0,92,D0:F0:18:43:F8:47,-76,1638625038434
2,0,93,D0:F0:18:43:F8:2A,-88,1638625038937
2,0,94,D0:F0:18:43:F8:36,-84,1638625039440
2,0,95,D0:F0:18:43:F8:47,-77,1638625039943
2,0,96,D0:F0:18:43:F8:47,-76,1638625040447
2,0,97,D0:F0:18:43:F8:2A,-73,1638625040950
2,0,98,D0:F0:18:43:F8:47,-75,1638625041453
2,0,99,D0:F0:18:43:F8:47,-76,1638625041956
2,0,100,D0:F0:18:43:F8:47,-75,1638625042460
2,0,101,D0:F0:18:43:F8:36,-82,1638625042964
2,0,102,D0:F0:18:43:F8:47,-74,1638625043466
2,0,103,D0:F0:18:43:F8:2A,-73,1638625043969
2,0,104,D0:F0:18:43:F8:47,-75,1638625044472
2,0,105,D0:F0:18:43:F8:2A,-77,1638625044974
2,0,106,D0:F0:18:43:F8:2A,-89,1638625045475
2,0,107,D0:F0:18:43:F8:47,-77,1638625045977
2,0,108,D0:F0:18:43:F8:2A,-89,1638625046480
2,0,109,D0:F0:18:43:F8:2A,-77,1638625046982
2,0,110,D0:F0:18:43:F8:36,-87,1638625047484
2,0,111,D0:F0:18:43:F8:2A,-73,1638625047988
2,0,112,D0:F0:18:43:F8:47,-74,1638625048493
2,0,113,D0:F0:18:43:F8:2A,-78,1638625048995
2,0,114,D0:F0:18:43:F8:36,-85,1638625049498
2,0,115,D0:F0:18:43:F8:2A,-88,1638625050001
2,0,116,D0:F0:18:43:F8:47,-74,1638625050504
2,0,117,D0:F0:18:43:F8:2A,-78,1638625051007
2,0,118,D0:F0:18:43:F8:47,-74,1638625051511
2,0,119,D0:F0:18:43:F8:47,-76,1638625052014
3,0,0,D0:F0:18:43:F8:2A,-82,1638625058580
3,0,1,D0:F0:18:43:F8:2A,-77,1638625059084
3,0,2,D0:F0:18:43:F8:36,-72,1638625059590
3,0,3,D0:F0:18:43:F8:36,-73,1638625060093
3,0,4,D0:F0:18:43:F8:47,-80,1638625060595
3,0,5,D0:F0:18:43:F8:2A,-78,1638625061098
3,0,6,D0:F0:18:43:F8:47,-75,1638625061602
3,0,7,D0:F0:18:43:F8:47,-77,1638625062105
3,0,8,D0:F0:18:43:F8:36,-77,1638625062607
3,0,9,D0:F0:18:43:F8:2A,-77,1638625063110
3,0,10,D0:F0:18:43:F8:2A,-77,1638625063612
3,0,11,D0:F0:18:43:F8:2A,-77,1638625064115
3,0,12,D0:F0:18:43:F8:2A,-77,1638625064617
3,0,13,D0:F0:18:43:F8:2A,-79,1638625065121
3,0,14,D0:F0:18:43:F8:47,-77,1638625065624
3,0,15,D0:F0:18:43:F8:36,-78,1638625066127
3,0,16,D0:F0:18:43:F8:36,-76,1638625066630
3,0,17,D0:F0:18:43:F8:47,-76,1638625067133
3,0,18,D0:F0:18:43:F8:47,-76,1638625067636
3,0,19,D0:F0:18:43:F8:36,-83,1638625068138
3,0,20,D0:F0:18:43:F8:47,-76,1638625068640
3,0,21,D0:F0:18:43:F8:2A,-78,1638625069142
3,0,22,D0:F0:18:43:F8:36,-72,1638625069645
3,0,23,D0:F0:18:43:F8:47,-81,1638625070148
3,0,24,D0:F0:18:43:F8:2A,-77,1638625070651
3,0,25,D0:F0:18:43:F8:36,-83,1638625071154
3,0,26,D0:F0:18:43:F8:47,-75,1638625071657
3,0,27,D0:F0:18:43:F8:47,-76,1638625072159
3,0,28,D0:F0:18:43:F8:2A,-88,1638625072662
3,0,29,D0:F0:18:43:F8:36,-72,1638625073165
3,0,30,D0:F0:18:43:F8:47,-80,1638625073668
3,0,31,D0:F0:18:43:F8:2A,-78,1638625074170
3,0,32,D0:F0:18:43:F8:36,-87,1638625074674
3,0,33,D0:F0:18:43:F8:47,-76,1638625075177
3,0,34,D0:F0:18:43:F8:2A,-78,1638625075679
3,0,35,D0:F0:18:43:F8:47,-76,1638625076182
3,0,36,D0:F0:18:43:F8:2A,-88,1638625076684
3,0,37,D0:F0:18:43:F8:2A,-88,1638625077187
3,0,38,D0:F0:18:43:F8:2A,-77,1638625077690
3,0,39,D0:F0:18:43:F8:47,-79,1638625078193
3,0,40,D0:F0:18:43:F8:2A,-77,1638625078696
3,0,41,D0:F0:18:43:F8:47,-77,1638625079200
3,0,42,D0:F0:18:43:F8:2A,-87,1638625079704
3,0,43,D0:F0:18:43:F8:2A,-77,1638625080207
3,0,44,D0:F0:18:43:F8:47,-76,1638625080710
3,0,45,D0:F0:18:43:F8:36,-73,1638625081212
3,0,46,D0:F0:18:43:F8:2A,-78,1638625081715
3,0,47,D0:F0:18:43:F8:36,-77,1638625082217
3,0,48,D0:F0:18:43:F8:47,-76,1638625082719
3,0,49,D0:F0:18:43:F8:2A,-77,1638625083222
3,0,50,D0:F0:18:43:F8:47,-77,1638625083725
3,0,51,D0:F0:18:43:F8:2A,-86,1638625084228
3,0,52,D0:F0:18:43:F8:36,-72,1638625084731
3,0,53,D0:F0:18:43:F8:36,-77,1638625085233
3,0,54,D0:F0:18:43:F8:36,-78,1638625085736
3,0,55,D0:F0:18:43:F8:2A,-77,1638625086240
3,0,56,D0:F0:18:43:F8:47,-76,1638625086744
3,0,57,D0:F0:18:43:F8:36,-84,1638625087247
3,0,58,D0:F0:18:43:F8:2A,-87,1638625087751
3,0,59,D0:F0:18:43:F8:2A,-77,1638625088253
3,0,60,D0:F0:18:43:F8:36,-77,1638625088755
3,0,61,D0:F0:18:43:F8:36,-78,1638625089259
3,0,62,D0:F0:18:43:F8:47,-80,1638625089761
3,0,63,D0:F0:18:43:F8:36,-83,1638625090265
3,0,64,D0:F0:18:43:F8:36,-72,1638625090768
3,0,65,D0:F0:18:43:F8:47,-76,1638625091271
3,0,66,D0:F0:18:43:F8:2A,-78,1638625091774
3,0,67,D0:F0:18:43:F8:2A,-77,1638625092277
3,0,68,D0:F0:18:43:F8:47,-76,1638625092780
3,0,69,D0:F0:18:43:F8:2A,-87,1638625093283
3,0,70,D0:F0:18:43:F8:2A,-78,1638625093786
3,0,71,D0:F0:18:43:F8:36,-84,1638625094288
3,0,72,D0:F0:18:43:F8:2A,-86,1638625094792
3,0,73,D0:F0:18:43:F8:2A,-86,1638625095296
3,0,74,D0:F0:18:43:F8:47,-80,1638625095798
3,0,75,D0:F0:18:43:F8:2A,-77,1638625096300
3,0,76,D0:F0:18:43:F8:2A,-77,1638625096804
3,0,77,D0:F0:18:43:F8:2A,-77,1638625097306
3,0,78,D0:F0:18:43:F8:47,-76,1638625097808
3,0,79,D0:F0:18:43:F8:47,-78,1638625098311
3,0,80,D0:F0:18:43:F8:2A,-77,1638625098814
3,0,81,D0:F0:18:43:F8:47,-77,1638625099316
3,0,82,D0:F0:18:43:F8:47,-80,1638625099819
3,0,83,D0:F0:18:43:F8:2A,-78,1638625100322
3,0,84,D0:F0:18:43:F8:47,-76,1638625100825
3,0,85,D0:F0:18:43:F8:47,-79,1638625101328
3,0,86,D0:F0:18:43:F8:2A,-76,1638625101832
3,0,87,D0:F0:18:43:F8:47,-76,1638625102334
3,0,88,D0:F0:18:43:F8:47,-76,1638625102837
3,0,89,D0:F0:18:43:F8:36,-73,1638625103340
3,0,90,D0:F0:18:43:F8:2A,-85,1638625103843
3,0,91,D0:F0:18:43:F8:47,-78,1638625104345
3,0,92,D0:F0:18:43:F8:36,-80,1638625104847
3,0,93,D0:F0:18:43:F8:2A,-78,1638625105350
3,0,94,D0:F0:18:43:F8:47,-75,1638625105855
3,0,95,D0:F0:18:43:F8:47,-83,1638625106359
3,0,96,D0:F0:18:43:F8:2A,-78,1638625106862
3,0,97,D0:F0:18:43:F8:36,-72,1638625107365
3,0,98,D0:F0:18:43:F8:36,-72,1638625107868
3,0,99,D0:F0:18:43:F8:36,-79,1638625108370
3,0,100,D0:F0:18:43:F8:2A,-77,1638625108873
3,0,101,D0:F0:18:43:F8:47,-76,1638625109376
3,0,102,D0:F0:18:43:F8:36,-78,1638625109881
3,0,103,D0:F0:18:43:F8:47,-80,1638625110383
3,0,104,D0:F0:18:43:F8:47,-76,1638625110886
3,0,105,D0:F0:18:43:F8:2A,-89,1638625111389
3,0,106,D0:F0:18:43:F8:2A,-78,1638625111892
3,0,107,D0:F0:18:43:F8:47,-76,1638625112394
3,0,108,D0:F0:18:43:F8:36,-72,1638625112898
3,0,109,D0:F0:18:43:F8:2A,-77,1638625113400
3,0,110,D0:F0:18:43:F8:47,-79,1638625113903
3,0,111,D0:F0:18:43:F8:36,-82,1638625114406
3,0,112,D0:F0:18:43:F8:47,-76,1638625114908
3,0,113,D0:F0:18:43:F8:47,-76,1638625115412
3,0,114,D0:F0:18:43:F8:2A,-88,1638625115915
3,0,115,D0:F0:18:43:F8:2A,-87,1638625116419
3,0,116,D0:F0:18:43:F8:2A,-88,1638625116921
3,0,117,D0:F0:18:43:F8:36,-79,1638625117423
3,0,118,D0:F0:18:43:F8:36,-79,1638625117927
3,0,119,D0:F0:18:43:F8:2A,-78,1638625118431
4,0,0,D0:F0:18:43:F8:36,-86,1638625123490
4,0,1,D0:F0:18:43:F8:2A,-85,1638625123994
4,0,2,D0:F0:18:43:F8:47,-80,1638625124497
4,0,3,D0:F0:18:43:F8:2A,-77,1638625125000
4,0,4,D0:F0:18:43:F8:2A,-89,1638625125503
4,0,5,D0:F0:18:43:F8:2A,-93,1638625126006
4,0,6,D0:F0:18:43:F8:2A,-91,1638625126509
4,0,7,D0:F0:18:43:F8:47,-82,1638625127013
4,0,8,D0:F0:18:43:F8:2A,-77,1638625127516
4,0,9,D0:F0:18:43:F8:47,-82,1638625128020
4,0,10,D0:F0:18:43:F8:2A,-90,1638625128522
4,0,11,D0:F0:18:43:F8:47,-72,1638625129024
4,0,12,D0:F0:18:43:F8:47,-73,1638625129529
4,0,13,D0:F0:18:43:F8:47,-82,1638625130032
4,0,14,D0:F0:18:43:F8:47,-81,1638625130535
4,0,15,D0:F0:18:43:F8:47,-83,1638625131037
4,0,16,D0:F0:18:43:F8:2A,-90,1638625131539
4,0,17,D0:F0:18:43:F8:47,-83,1638625132043
4,0,18,D0:F0:18:43:F8:47,-81,1638625132545
4,0,19,D0:F0:18:43:F8:36,-86,1638625133047
4,0,20,D0:F0:18:43:F8:2A,-89,1638625133550
4,0,21,D0:F0:18:43:F8:47,-73,1638625134052
4,0,22,D0:F0:18:43:F8:47,-82,1638625134556
4,0,23,D0:F0:18:43:F8:36,-85,1638625135060
4,0,24,D0:F0:18:43:F8:47,-82,1638625135562
4,0,25,D0:F0:18:43:F8:47,-82,1638625136066
4,0,26,D0:F0:18:43:F8:2A,-89,1638625136569
4,0,27,D0:F0:18:43:F8:47,-82,1638625137071
4,0,28,D0:F0:18:43:F8:47,-73,1638625137574
4,0,29,D0:F0:18:43:F8:47,-81,1638625138077
4,0,30,D0:F0:18:43:F8:47,-82,1638625138580
4,0,31,D0:F0:18:43:F8:47,-81,1638625139082
4,0,32,D0:F0:18:43:F8:2A,-90,1638625139584
4,0,33,D0:F0:18:43:F8:36,-84,1638625140086
4,0,34,D0:F0:18:43:F8:47,-81,1638625140589
4,0,35,D0:F0:18:43:F8:2A,-77,1638625141091
4,0,36,D0:F0:18:43:F8:47,-82,1638625141593
4,0,37,D0:F0:18:43:F8:47,-82,1638625142096
4,0,38,D0:F0:18:43:F8:47,-82,1638625142598
4,0,39,D0:F0:18:43:F8:36,-85,1638625143100
4,0,40,D0:F0:18:43:F8:36,-85,1638625143603
4,0,41,D0:F0:18:43:F8:47,-82,1638625144106
4,0,42,D0:F0:18:43:F8:47,-82,1638625144609
4,0,43,D0:F0:18:43:F8:47,-81,1638625145112
4,0,44,D0:F0:18:43:F8:2A,-90,1638625145615
4,0,45,D0:F0:18:43:F8:2A,-90,1638625146117
4,0,46,D0:F0:18:43:F8:36,-85,1638625146619
4,0,47,D0:F0:18:43:F8:2A,-77,1638625147123
4,0,48,D0:F0:18:43:F8:47,-73,1638625147625
4,0,49,D0:F0:18:43:F8:47,-81,1638625148127
4,0,50,D0:F0:18:43:F8:47,-82,1638625148630
4,0,51,D0:F0:18:43:F8:2A,-89,1638625149133
4,0,52,D0:F0:18:43:F8:36,-85,1638625149636
4,0,53,D0:F0:18:43:F8:2A,-89,1638625150139
4,0,54,D0:F0:18:43:F8:36,-85,1638625150642
4,0,55,D0:F0:18:43:F8:36,-85,1638625151144
4,0,56,D0:F0:18:43:F8:2A,-94,1638625151646
4,0,57,D0:F0:18:43:F8:2A,-88,1638625152149
4,0,58,D0:F0:18:43:F8:2A,-87,1638625152653
4,0,59,D0:F0:18:43:F8:2A,-76,1638625153156
4,0,60,D0:F0:18:43:F8:2A,-88,1638625153659
4,0,61,D0:F0:18:43:F8:36,-83,1638625154030
4,0,62,D0:F0:18:43:F8:47,-72,1638625154721
4,0,63,D0:F0:18:43:F8:47,-73,1638625155223
4,0,64,D0:F0:18:43:F8:36,-85,1638625155725
4,0,65,D0:F0:18:43:F8:47,-79,1638625156228
4,0,66,D0:F0:18:43:F8:47,-80,1638625156731
4,0,67,D0:F0:18:43:F8:47,-73,1638625157234
4,0,68,D0:F0:18:43:F8:2A,-88,1638625157737
4,0,69,D0:F0:18:43:F8:47,-72,1638625158239
4,0,70,D0:F0:18:43:F8:47,-80,1638625158741
4,0,71,D0:F0:18:43:F8:2A,-77,1638625159244
4,0,72,D0:F0:18:43:F8:36,-86,1638625159747
4,0,73,D0:F0:18:43:F8:47,-83,1638625160249
4,0,74,D0:F0:18:43:F8:36,-86,1638625160752
4,0,75,D0:F0:18:43:F8:47,-72,1638625161255
4,0,76,D0:F0:18:43:F8:47,-82,1638625161758
4,0,77,D0:F0:18:43:F8:2A,-88,1638625162260
4,0,78,D0:F0:18:43:F8:2A,-88,1638625162763
4,0,79,D0:F0:18:43:F8:36,-86,1638625163266
4,0,80,D0:F0:18:43:F8:2A,-77,1638625163768
4,0,81,D0:F0:18:43:F8:47,-84,1638625164271
4,0,82,D0:F0:18:43:F8:47,-79,1638625164773
4,0,83,D0:F0:18:43:F8:47,-84,1638625165275
4,0,84,D0:F0:18:43:F8:36,-88,1638625165779
4,0,85,D0:F0:18:43:F8:2A,-89,1638625166281
4,0,86,D0:F0:18:43:F8:2A,-76,1638625166784
4,0,87,D0:F0:18:43:F8:2A,-76,1638625167287
4,0,88,D0:F0:18:43:F8:2A,-88,1638625167790
4,0,89,D0:F0:18:43:F8:2A,-89,1638625168293
4,0,90,D0:F0:18:43:F8:2A,-89,1638625168795
4,0,91,D0:F0:18:43:F8:36,-84,1638625169298
4,0,92,D0:F0:18:43:F8:47,-80,1638625169801
4,0,93,D0:F0:18:43:F8:36,-84,1638625170304
4,0,94,D0:F0:18:43:F8:47,-73,1638625170807
4,0,95,D0:F0:18:43:F8:47,-73,1638625171309
4,0,96,D0:F0:18:43:F8:2A,-76,1638625171812
4,0,97,D0:F0:18:43:F8:2A,-90,1638625172314
4,0,98,D0:F0:18:43:F8:47,-83,1638625172819
4,0,99,D0:F0:18:43:F8:2A,-88,1638625173323
4,0,100,D0:F0:18:43:F8:36,-83,1638625173825
4,0,101,D0:F0:18:43:F8:2A,-89,1638625174328
4,0,102,D0:F0:18:43:F8:47,-84,1638625174830
4,0,103,D0:F0:18:43:F8:2A,-88,1638625175332
4,0,104,D0:F0:18:43:F8:47,-84,1638625175835
4,0,105,D0:F0:18:43:F8:47,-73,1638625176338
4,0,106,D0:F0:18:43:F8:2A,-88,1638625176840
4,0,107,D0:F0:18:43:F8:2A,-76,1638625177343
4,0,108,D0:F0:18:43:F8:47,-73,1638625177846
4,0,109,D0:F0:18:43:F8:47,-83,1638625178349
4,0,110,D0:F0:18:43:F8:2A,-88,1638625178853
4,0,111,D0:F0:18:43:F8:47,-84,1638625179355
4,0,112,D0:F0:18:43:F8:2A,-88,1638625179857
4,0,113,D0:F0:18:43:F8:47,-80,1638625180360
4,0,114,D0:F0:18:43:F8:36,-83,1638625180862
4,0,115,D0:F0:18:43:F8:2A,-77,1638625181366
4,0,116,D0:F0:18:43:F8:47,-73,1638625181868
4,0,117,D0:F0:18:43:F8:47,-84,1638625182370
4,0,118,D0:F0:18:43:F8:47,-84,1638625182873
4,0,119,D0:F0:18:43:F8:2A,-88,1638625183375
5,0,0,D0:F0:18:43:F8:36,-70,1638625194082
5,0,1,D0:F0:18:43:F8:2A,-81,1638625194585
5,0,2,D0:F0:18:43:F8:2A,-89,1638625195087
5,0,3,D0:F0:18:43:F8:2A,-89,1638625195591
5,0,4,D0:F0:18:43:F8:2A,-87,1638625196093
5,0,5,D0:F0:18:43:F8:36,-81,1638625196596
5,0,6,D0:F0:18:43:F8:2A,-83,1638625197098
5,0,7,D0:F0:18:43:F8:2A,-85,1638625197601
5,0,8,D0:F0:18:43:F8:36,-81,1638625198104
5,0,9,D0:F0:18:43:F8:2A,-81,1638625198606
5,0,10,D0:F0:18:43:F8:2A,-90,1638625199109
5,0,11,D0:F0:18:43:F8:47,-70,1638625199612
5,0,12,D0:F0:18:43:F8:36,-81,1638625200116
5,0,13,D0:F0:18:43:F8:2A,-91,1638625200619
5,0,14,D0:F0:18:43:F8:2A,-90,1638625201121
5,0,15,D0:F0:18:43:F8:36,-81,1638625201624
5,0,16,D0:F0:18:43:F8:2A,-84,1638625202141
5,0,17,D0:F0:18:43:F8:47,-68,1638625202643
5,0,18,D0:F0:18:43:F8:47,-68,1638625203147
5,0,19,D0:F0:18:43:F8:2A,-81,1638625203649
5,0,20,D0:F0:18:43:F8:2A,-91,1638625204152
5,0,21,D0:F0:18:43:F8:36,-81,1638625204655
5,0,22,D0:F0:18:43:F8:2A,-83,1638625205156
5,0,23,D0:F0:18:43:F8:2A,-83,1638625205658
5,0,24,D0:F0:18:43:F8:36,-82,1638625206161
5,0,25,D0:F0:18:43:F8:47,-67,1638625206663
5,0,26,D0:F0:18:43:F8:2A,-81,1638625207166
5,0,27,D0:F0:18:43:F8:36,-80,1638625207669
5,0,28,D0:F0:18:43:F8:47,-70,1638625208172
5,0,29,D0:F0:18:43:F8:2A,-85,1638625208675
5,0,30,D0:F0:18:43:F8:2A,-81,1638625209178
5,0,31,D0:F0:18:43:F8:36,-79,1638625209681
5,0,32,D0:F0:18:43:F8:2A,-82,1638625210182
5,0,33,D0:F0:18:43:F8:36,-70,1638625210685
5,0,34,D0:F0:18:43:F8:47,-67,1638625211187
5,0,35,D0:F0:18:43:F8:47,-71,1638625211690
5,0,36,D0:F0:18:43:F8:36,-82,1638625212193
5,0,37,D0:F0:18:43:F8:36,-83,1638625212695
5,0,38,D0:F0:18:43:F8:2A,-81,1638625213197
5,0,39,D0:F0:18:43:F8:47,-67,1638625213699
5,0,40,D0:F0:18:43:F8:36,-70,1638625214202
5,0,41,D0:F0:18:43:F8:47,-67,1638625214704
5,0,42,D0:F0:18:43:F8:36,-80,1638625215207
5,0,43,D0:F0:18:43:F8:36,-80,1638625215710
5,0,44,D0:F0:18:43:F8:36,-80,1638625216212
5,0,45,D0:F0:18:43:F8:36,-70,1638625216716
5,0,46,D0:F0:18:43:F8:47,-67,1638625217219
5,0,47,D0:F0:18:43:F8:36,-70,1638625217722
5,0,48,D0:F0:18:43:F8:47,-70,1638625218225
5,0,49,D0:F0:18:43:F8:36,-70,1638625218727
5,0,50,D0:F0:18:43:F8:36,-80,1638625219230
5,0,51,D0:F0:18:43:F8:47,-68,1638625219732
5,0,52,D0:F0:18:43:F8:36,-70,1638625220234
5,0,53,D0:F0:18:43:F8:36,-70,1638625220736
5,0,54,D0:F0:18:43:F8:2A,-81,1638625221239
5,0,55,D0:F0:18:43:F8:36,-80,1638625221741
5,0,56,D0:F0:18:43:F8:2A,-85,1638625222244
5,0,57,D0:F0:18:43:F8:47,-68,1638625222746
5,0,58,D0:F0:18:43:F8:36,-70,1638625223250
5,0,59,D0:F0:18:43:F8:36,-70,1638625223753
5,0,60,D0:F0:18:43:F8:36,-70,1638625224256
5,0,61,D0:F0:18:43:F8:2A,-81,1638625224759
5,0,62,D0:F0:18:43:F8:36,-80,1638625225262
5,0,63,D0:F0:18:43:F8:36,-80,1638625225764
5,0,64,D0:F0:18:43:F8:2A,-85,1638625226267
5,0,65,D0:F0:18:43:F8:36,-80,1638625226770
5,0,66,D0:F0:18:43:F8:47,-68,1638625227273
5,0,67,D0:F0:18:43:F8:47,-67,1638625227775
5,0,68,D0:F0:18:43:F8:36,-80,1638625228278
5,0,69,D0:F0:18:43:F8:36,-80,1638625228782
5,0,70,D0:F0:18:43:F8:47,-68,1638625229285
5,0,71,D0:F0:18:43:F8:2A,-81,1638625229788
5,0,72,D0:F0:18:43:F8:36,-81,1638625230290
5,0,73,D0:F0:18:43:F8:47,-70,1638625230792
5,0,74,D0:F0:18:43:F8:2A,-81,1638625231295
5,0,75,D0:F0:18:43:F8:36,-80,1638625231797
5,0,76,D0:F0:18:43:F8:36,-80,1638625232299
5,0,77,D0:F0:18:43:F8:2A,-85,1638625232801
5,0,78,D0:F0:18:43:F8:47,-67,1638625233304
5,0,79,D0:F0:18:43:F8:36,-70,1638625233806
5,0,80,D0:F0:18:43:F8:2A,-90,1638625234309
5,0,81,D0:F0:18:43:F8:36,-81,1638625234812
5,0,82,D0:F0:18:43:F8:36,-70,1638625235316
5,0,83,D0:F0:18:43:F8:36,-81,1638625235818
5,0,84,D0:F0:18:43:F8:36,-80,1638625236321
5,0,85,D0:F0:18:43:F8:36,-70,1638625236823
5,0,86,D0:F0:18:43:F8:47,-70,1638625237326
5,0,87,D0:F0:18:43:F8:36,-81,1638625237829
5,0,88,D0:F0:18:43:F8:36,-83,1638625238331
5,0,89,D0:F0:18:43:F8:36,-83,1638625238834
5,0,90,D0:F0:18:43:F8:36,-70,1638625239337
5,0,91,D0:F0:18:43:F8:2A,-80,1638625239840
5,0,92,D0:F0:18:43:F8:2A,-81,1638625240342
5,0,93,D0:F0:18:43:F8:47,-67,1638625240845
5,0,94,D0:F0:18:43:F8:36,-70,1638625241347
5,0,95,D0:F0:18:43:F8:47,-71,1638625241850
5,0,96,D0:F0:18:43:F8:47,-68,1638625242353
5,0,97,D0:F0:18:43:F8:47,-68,1638625242855
5,0,98,D0:F0:18:43:F8:2A,-90,1638625243358
5,0,99,D0:F0:18:43:F8:36,-70,1638625243860
5,0,100,D0:F0:18:43:F8:47,-67,1638625244362
5,0,101,D0:F0:18:43:F8:36,-80,1638625244865
5,0,102,D0:F0:18:43:F8:36,-80,1638625245367
5,0,103,D0:F0:18:43:F8:47,-68,1638625245870
5,0,104,D0:F0:18:43:F8:36,-81,1638625246373
5,0,105,D0:F0:18:43:F8:47,-68,1638625246875
5,0,106,D0:F0:18:43:F8:36,-84,1638625247378
5,0,107,D0:F0:18:43:F8:36,-83,1638625247880
5,0,108,D0:F0:18:43:F8:36,-83,1638625248385
5,0,109,D0:F0:18:43:F8:47,-66,1638625248888
5,0,110,D0:F0:18:43:F8:36,-71,1638625249391
5,0,111,D0:F0:18:43:F8:36,-81,1638625249894
5,0,112,D0:F0:18:43:F8:47,-71,1638625250397
5,0,113,D0:F0:18:43:F8:2A,-84,1638625250900
5,0,114,D0:F0:18:43:F8:2A,-78,1638625251403
5,0,115,D0:F0:18:43:F8:2A,-79,1638625251905
5,0,116,D0:F0:18:43:F8:2A,-83,1638625252408
5,0,117,D0:F0:18:43:F8:2A,-83,1638625252912
5,0,118,D0:F0:18:43:F8:36,-83,1638625253414
5,0,119,D0:F0:18:43:F8:2A,-86,1638625253916
6,0,0,D0:F0:18:43:F8:2A,-80,1638625257957
6,0,1,D0:F0:18:43:F8:36,-76,1638625258461
6,0,2,D0:F0:18:43:F8:2A,-85,1638625258964
6,0,3,D0:F0:18:43:F8:2A,-82,1638625259467
6,0,4,D0:F0:18:43:F8:36,-75,1638625259970
6,0,5,D0:F0:18:43:F8:47,-69,1638625260473
6,0,6,D0:F0:18:43:F8:47,-76,1638625260975
6,0,7,D0:F0:18:43:F8:2A,-80,1638625261478
6,0,8,D0:F0:18:43:F8:47,-76,1638625261981
6,0,9,D0:F0:18:43:F8:2A,-84,1638625262484
6,0,10,D0:F0:18:43:F8:2A,-82,1638625262987
6,0,11,D0:F0:18:43:F8:36,-76,1638625263490
6,0,12,D0:F0:18:43:F8:47,-68,1638625263992
6,0,13,D0:F0:18:43:F8:2A,-91,1638625264495
6,0,14,D0:F0:18:43:F8:36,-82,1638625264997
6,0,15,D0:F0:18:43:F8:47,-69,1638625265499
6,0,16,D0:F0:18:43:F8:2A,-89,1638625266002
6,0,17,D0:F0:18:43:F8:36,-83,1638625266505
6,0,18,D0:F0:18:43:F8:47,-68,1638625267006
6,0,19,D0:F0:18:43:F8:2A,-79,1638625267509
6,0,20,D0:F0:18:43:F8:36,-80,1638625268012
6,0,21,D0:F0:18:43:F8:36,-75,1638625268515
6,0,22,D0:F0:18:43:F8:2A,-92,1638625269017
6,0,23,D0:F0:18:43:F8:2A,-91,1638625269520
6,0,24,D0:F0:18:43:F8:47,-77,1638625270023
6,0,25,D0:F0:18:43:F8:47,-77,1638625270526
6,0,26,D0:F0:18:43:F8:2A,-84,1638625271028
6,0,27,D0:F0:18:43:F8:36,-81,1638625271531
6,0,28,D0:F0:18:43:F8:47,-68,1638625272033
6,0,29,D0:F0:18:43:F8:2A,-79,1638625272537
6,0,30,D0:F0:18:43:F8:47,-68,1638625273039
6,0,31,D0:F0:18:43:F8:47,-74,1638625273542
6,0,32,D0:F0:18:43:F8:36,-80,1638625274045
6,0,33,D0:F0:18:43:F8:36,-85,1638625274549
6,0,34,D0:F0:18:43:F8:36,-80,1638625275052
6,0,35,D0:F0:18:43:F8:36,-76,1638625275554
6,0,36,D0:F0:18:43:F8:47,-75,1638625276057
6,0,37,D0:F0:18:43:F8:47,-67,1638625276560
6,0,38,D0:F0:18:43:F8:2A,-80,1638625277064
6,0,39,D0:F0:18:43:F8:2A,-81,1638625277567
6,0,40,D0:F0:18:43:F8:2A,-91,1638625278070
6,0,41,D0:F0:18:43:F8:2A,-80,1638625278572
6,0,42,D0:F0:18:43:F8:2A,-89,1638625279075
6,0,43,D0:F0:18:43:F8:36,-85,1638625279579
6,0,44,D0:F0:18:43:F8:47,-77,1638625280081
6,0,45,D0:F0:18:43:F8:47,-69,1638625280584
6,0,46,D0:F0:18:43:F8:47,-69,1638625281087
6,0,47,D0:F0:18:43:F8:36,-75,1638625281589
6,0,48,D0:F0:18:43:F8:2A,-80,1638625282092
6,0,49,D0:F0:18:43:F8:47,-77,1638625282595
6,0,50,D0:F0:18:43:F8:47,-77,1638625283098
6,0,51,D0:F0:18:43:F8:2A,-88,1638625283599
6,0,52,D0:F0:18:43:F8:2A,-85,1638625284102
6,0,53,D0:F0:18:43:F8:47,-68,1638625284605
6,0,54,D0:F0:18:43:F8:36,-74,1638625285109
6,0,55,D0:F0:18:43:F8:47,-74,1638625285611
6,0,56,D0:F0:18:43:F8:47,-77,1638625286115
6,0,57,D0:F0:18:43:F8:47,-67,1638625286618
6,0,58,D0:F0:18:43:F8:2A,-85,1638625287121
6,0,59,D0:F0:18:43:F8:36,-75,1638625287624
6,0,60,D0:F0:18:43:F8:47,-69,1638625288126
6,0,61,D0:F0:18:43:F8:2A,-90,1638625288629
6,0,62,D0:F0:18:43:F8:36,-82,1638625289132
6,0,63,D0:F0:18:43:F8:47,-67,1638625289634
6,0,64,D0:F0:18:43:F8:36,-83,1638625290138
6,0,65,D0:F0:18:43:F8:47,-69,1638625290641
6,0,66,D0:F0:18:43:F8:47,-69,1638625291144
6,0,67,D0:F0:18:43:F8:2A,-80,1638625291646
6,0,68,D0:F0:18:43:F8:2A,-80,1638625292149
6,0,69,D0:F0:18:43:F8:47,-74,1638625292652
6,0,70,D0:F0:18:43:F8:47,-67,1638625293156
6,0,71,D0:F0:18:43:F8:2A,-86,1638625293658
6,0,72,D0:F0:18:43:F8:47,-69,1638625294161
6,0,73,D0:F0:18:43:F8:47,-69,1638625294663
6,0,74,D0:F0:18:43:F8:2A,-89,1638625295166
6,0,75,D0:F0:18:43:F8:47,-75,1638625295669
6,0,76,D0:F0:18:43:F8:47,-75,1638625296172
6,0,77,D0:F0:18:43:F8:2A,-85,1638625296675
6,0,78,D0:F0:18:43:F8:2A,-87,1638625297178
6,0,79,D0:F0:18:43:F8:47,-69,1638625297680
6,0,80,D0:F0:18:43:F8:47,-78,1638625298182
6,0,81,D0:F0:18:43:F8:47,-77,1638625298685
6,0,82,D0:F0:18:43:F8:2A,-92,1638625299187
6,0,83,D0:F0:18:43:F8:47,-76,1638625299690
6,0,84,D0:F0:18:43:F8:2A,-85,1638625300192
6,0,85,D0:F0:18:43:F8:2A,-84,1638625300695
6,0,86,D0:F0:18:43:F8:2A,-85,1638625301198
6,0,87,D0:F0:18:43:F8:36,-74,1638625301701
6,0,88,D0:F0:18:43:F8:2A,-95,1638625302205
6,0,89,D0:F0:18:43:F8:47,-79,1638625302707
6,0,90,D0:F0:18:43:F8:36,-80,1638625303210
6,0,91,D0:F0:18:43:F8:2A,-86,1638625303713
6,0,92,D0:F0:18:43:F8:47,-78,1638625304215
6,0,93,D0:F0:18:43:F8:47,-69,1638625304718
6,0,94,D0:F0:18:43:F8:2A,-86,1638625305219
6,0,95,D0:F0:18:43:F8:2A,-79,1638625305722
6,0,96,D0:F0:18:43:F8:36,-74,1638625306225
6,0,97,D0:F0:18:43:F8:36,-85,1638625306728
6,0,98,D0:F0:18:43:F8:47,-66,1638625307230
6,0,99,D0:F0:18:43:F8:36,-83,1638625307733
6,0,100,D0:F0:18:43:F8:36,-84,1638625308236
6,0,101,D0:F0:18:43:F8:47,-66,1638625308739
6,0,102,D0:F0:18:43:F8:2A,-80,1638625309242
6,0,103,D0:F0:18:43:F8:36,-85,1638625309744
6,0,104,D0:F0:18:43:F8:47,-66,1638625310247
6,0,105,D0:F0:18:43:F8:2A,-80,1638625310750
6,0,106,D0:F0:18:43:F8:36,-75,1638625311254
6,0,107,D0:F0:18:43:F8:47,-76,1638625311757
6,0,108,D0:F0:18:43:F8:47,-76,1638625312260
6,0,109,D0:F0:18:43:F8:36,-82,1638625312762
6,0,110,D0:F0:18:43:F8:47,-75,1638625313264
6,0,111,D0:F0:18:43:F8:47,-66,1638625313767
6,0,112,D0:F0:18:43:F8:2A,-85,1638625314271
6,0,113,D0:F0:18:43:F8:47,-70,1638625314773
6,0,114,D0:F0:18:43:F8:47,-69,1638625315275
6,0,115,D0:F0:18:43:F8:36,-87,1638625315778
6,0,116,D0:F0:18:43:F8:2A,-89,1638625316280
6,0,117,D0:F0:18:43:F8:36,-80,1638625316784
6,0,118,D0:F0:18:43:F8:47,-66,1638625317287
6,0,119,D0:F0:18:43:F8:36,-88,1638625317790
7,0,0,D0:F0:18:43:F8:36,-88,1638625321331
7,0,1,D0:F0:18:43:F8:47,-65,1638625321837
7,0,2,D0:F0:18:43:F8:36,-81,1638625322340
7,0,3,D0:F0:18:43:F8:47,-75,1638625322843
7,0,4,D0:F0:18:43:F8:47,-82,1638625323346
7,0,5,D0:F0:18:43:F8:47,-66,1638625323848
7,0,6,D0:F0:18:43:F8:36,-82,1638625324350
7,0,7,D0:F0:18:43:F8:47,-81,1638625324852
7,0,8,D0:F0:18:43:F8:47,-79,1638625325355
7,0,9,D0:F0:18:43:F8:36,-82,1638625325858
7,0,10,D0:F0:18:43:F8:2A,-82,1638625326361
7,0,11,D0:F0:18:43:F8:2A,-82,1638625326864
7,0,12,D0:F0:18:43:F8:47,-80,1638625327367
7,0,13,D0:F0:18:43:F8:2A,-84,1638625327870
7,0,14,D0:F0:18:43:F8:2A,-92,1638625328373
7,0,15,D0:F0:18:43:F8:47,-81,1638625328876
7,0,16,D0:F0:18:43:F8:47,-66,1638625329379
7,0,17,D0:F0:18:43:F8:2A,-84,1638625329881
7,0,18,D0:F0:18:43:F8:2A,-82,1638625330385
7,0,19,D0:F0:18:43:F8:2A,-84,1638625330888
7,0,20,D0:F0:18:43:F8:47,-66,1638625331390
7,0,21,D0:F0:18:43:F8:47,-66,1638625331892
7,0,22,D0:F0:18:43:F8:47,-69,1638625332395
7,0,23,D0:F0:18:43:F8:36,-78,1638625332898
7,0,24,D0:F0:18:43:F8:36,-78,1638625333401
7,0,25,D0:F0:18:43:F8:36,-78,1638625333904
7,0,26,D0:F0:18:43:F8:2A,-84,1638625334407
7,0,27,D0:F0:18:43:F8:2A,-82,1638625334910
7,0,28,D0:F0:18:43:F8:2A,-84,1638625335413
7,0,29,D0:F0:18:43:F8:47,-66,1638625335915
7,0,30,D0:F0:18:43:F8:47,-81,1638625336418
7,0,31,D0:F0:18:43:F8:47,-66,1638625336921
7,0,32,D0:F0:18:43:F8:47,-69,1638625337423
7,0,33,D0:F0:18:43:F8:47,-81,1638625337926
7,0,34,D0:F0:18:43:F8:47,-66,1638625338429
7,0,35,D0:F0:18:43:F8:47,-66,1638625338931
7,0,36,D0:F0:18:43:F8:36,-72,1638625339434
7,0,37,D0:F0:18:43:F8:47,-66,1638625339936
7,0,38,D0:F0:18:43:F8:47,-69,1638625340439
7,0,39,D0:F0:18:43:F8:47,-81,1638625340940
7,0,40,D0:F0:18:43:F8:2A,-84,1638625341442
7,0,41,D0:F0:18:43:F8:2A,-84,1638625341944
7,0,42,D0:F0:18:43:F8:47,-66,1638625342447
7,0,43,D0:F0:18:43:F8:47,-65,1638625342950
7,0,44,D0:F0:18:43:F8:36,-79,1638625343452
7,0,45,D0:F0:18:43:F8:47,-69,1638625343955
7,0,46,D0:F0:18:43:F8:47,-81,1638625344458
7,0,47,D0:F0:18:43:F8:47,-69,1638625344961
7,0,48,D0:F0:18:43:F8:2A,-84,1638625345464
7,0,49,D0:F0:18:43:F8:2A,-84,1638625345967
7,0,50,D0:F0:18:43:F8:47,-66,1638625346470
7,0,51,D0:F0:18:43:F8:47,-69,1638625346972
7,0,52,D0:F0:18:43:F8:47,-69,1638625347476
7,0,53,D0:F0:18:43:F8:47,-81,1638625347980
7,0,54,D0:F0:18:43:F8:2A,-82,1638625348483
7,0,55,D0:F0:18:43:F8:36,-77,1638625348987
7,0,56,D0:F0:18:43:F8:47,-66,1638625349488
7,0,57,D0:F0:18:43:F8:36,-82,1638625349991
7,0,58,D0:F0:18:43:F8:36,-77,1638625350494
7,0,59,D0:F0:18:43:F8:2A,-84,1638625350997
7,0,60,D0:F0:18:43:F8:2A,-82,1638625351499
7,0,61,D0:F0:18:43:F8:47,-81,1638625352001
7,0,62,D0:F0:18:43:F8:47,-69,1638625352504
7,0,63,D0:F0:18:43:F8:47,-69,1638625353008
7,0,64,D0:F0:18:43:F8:47,-81,1638625353510
7,0,65,D0:F0:18:43:F8:47,-81,1638625354012
7,0,66,D0:F0:18:43:F8:36,-74,1638625354514
7,0,67,D0:F0:18:43:F8:2A,-91,1638625355016
7,0,68,D0:F0:18:43:F8:47,-69,1638625355519
7,0,69,D0:F0:18:43:F8:47,-69,1638625356021
7,0,70,D0:F0:18:43:F8:47,-81,1638625356523
7,0,71,D0:F0:18:43:F8:47,-81,1638625357026
7,0,72,D0:F0:18:43:F8:2A,-84,1638625357529
7,0,73,D0:F0:18:43:F8:2A,-84,1638625358031
7,0,74,D0:F0:18:43:F8:47,-69,1638625358535
7,0,75,D0:F0:18:43:F8:36,-82,1638625359039
7,0,76,D0:F0:18:43:F8:2A,-81,1638625359541
7,0,77,D0:F0:18:43:F8:47,-69,1638625360043
7,0,78,D0:F0:18:43:F8:36,-78,1638625360545
7,0,79,D0:F0:18:43:F8:2A,-84,1638625361047
7,0,80,D0:F0:18:43:F8:36,-74,1638625361549
7,0,81,D0:F0:18:43:F8:36,-74,1638625362053
7,0,82,D0:F0:18:43:F8:36,-77,1638625362555
7,0,83,D0:F0:18:43:F8:2A,-90,1638625363058
7,0,84,D0:F0:18:43:F8:47,-80,1638625363561
7,0,85,D0:F0:18:43:F8:36,-77,1638625364063
7,0,86,D0:F0:18:43:F8:2A,-81,1638625364566
7,0,87,D0:F0:18:43:F8:36,-74,1638625365069
7,0,88,D0:F0:18:43:F8:47,-66,1638625365571
7,0,89,D0:F0:18:43:F8:36,-82,1638625366074
7,0,90,D0:F0:18:43:F8:2A,-85,1638625366577
7,0,91,D0:F0:18:43:F8:47,-69,1638625367079
7,0,92,D0:F0:18:43:F8:2A,-82,1638625367582
7,0,93,D0:F0:18:43:F8:2A,-82,1638625368084
7,0,94,D0:F0:18:43:F8:36,-79,1638625368588
7,0,95,D0:F0:18:43:F8:2A,-84,1638625369091
7,0,96,D0:F0:18:43:F8:2A,-87,1638625369593
7,0,97,D0:F0:18:43:F8:2A,-87,1638625370097
7,0,98,D0:F0:18:43:F8:47,-70,1638625370598
7,0,99,D0:F0:18:43:F8:2A,-84,1638625371101
7,0,100,D0:F0:18:43:F8:36,-80,1638625371603
7,0,101,D0:F0:18:43:F8:2A,-85,1638625372106
7,0,102,D0:F0:18:43:F8:2A,-87,1638625372610
7,0,103,D0:F0:18:43:F8:2A,-84,1638625373113
7,0,104,D0:F0:18:43:F8:36,-75,1638625373616
7,0,105,D0:F0:18:43:F8:47,-66,1638625374119
7,0,106,D0:F0:18:43:F8:2A,-88,1638625374621
7,0,107,D0:F0:18:43:F8:36,-79,1638625375122
7,0,108,D0:F0:18:43:F8:47,-70,1638625375626
7,0,109,D0:F0:18:43:F8:2A,-82,1638625376129
7,0,110,D0:F0:18:43:F8:47,-80,1638625376631
7,0,111,D0:F0:18:43:F8:36,-75,1638625377133
7,0,112,D0:F0:18:43:F8:2A,-88,1638625377635
7,0,113,D0:F0:18:43:F8:47,-70,1638625378138
7,0,114,D0:F0:18:43:F8:36,-80,1638625378642
7,0,115,D0:F0:18:43:F8:2A,-94,1638625379144
7,0,116,D0:F0:18:43:F8:47,-82,1638625379647
7,0,117,D0:F0:18:43:F8:47,-65,1638625380149
7,0,118,D0:F0:18:43:F8:2A,-87,1638625380651
7,0,119,D0:F0:18:43:F8:47,-70,1638625381154
8,0,0,D0:F0:18:43:F8:47,-67,1638625385206
8,0,1,D0:F0:18:43:F8:36,-76,1638625385710
8,0,2,D0:F0:18:43:F8:47,-74,1638625386212
8,0,3,D0:F0:18:43:F8:47,-72,1638625386714
8,0,4,D0:F0:18:43:F8:47,-82,1638625387217
8,0,5,D0:F0:18:43:F8:36,-76,1638625387719
8,0,6,D0:F0:18:43:F8:2A,-88,1638625388222
8,0,7,D0:F0:18:43:F8:2A,-91,1638625388725
8,0,8,D0:F0:18:43:F8:47,-72,1638625389227
8,0,9,D0:F0:18:43:F8:47,-82,1638625389730
8,0,10,D0:F0:18:43:F8:47,-67,1638625390233
8,0,11,D0:F0:18:43:F8:36,-73,1638625390735
8,0,12,D0:F0:18:43:F8:47,-82,1638625391237
8,0,13,D0:F0:18:43:F8:47,-81,1638625391741
8,0,14,D0:F0:18:43:F8:36,-76,1638625392244
8,0,15,D0:F0:18:43:F8:47,-72,1638625392747
8,0,16,D0:F0:18:43:F8:47,-72,1638625393248
8,0,17,D0:F0:18:43:F8:36,-83,1638625393751
8,0,18,D0:F0:18:43:F8:47,-67,1638625394254
8,0,19,D0:F0:18:43:F8:47,-67,1638625394756
8,0,20,D0:F0:18:43:F8:47,-72,1638625395258
8,0,21,D0:F0:18:43:F8:36,-82,1638625395761
8,0,22,D0:F0:18:43:F8:47,-66,1638625396263
8,0,23,D0:F0:18:43:F8:2A,-89,1638625396765
8,0,24,D0:F0:18:43:F8:36,-76,1638625397266
8,0,25,D0:F0:18:43:F8:47,-72,1638625397767
8,0,26,D0:F0:18:43:F8:2A,-93,1638625398269
8,0,27,D0:F0:18:43:F8:2A,-93,1638625398771
8,0,28,D0:F0:18:43:F8:36,-82,1638625399273
8,0,29,D0:F0:18:43:F8:47,-67,1638625399777
8,0,30,D0:F0:18:43:F8:47,-71,1638625400279
8,0,31,D0:F0:18:43:F8:47,-72,1638625400782
8,0,32,D0:F0:18:43:F8:47,-72,1638625401284
8,0,33,D0:F0:18:43:F8:2A,-93,1638625401787
8,0,34,D0:F0:18:43:F8:47,-82,1638625402289
8,0,35,D0:F0:18:43:F8:2A,-89,1638625402793
8,0,36,D0:F0:18:43:F8:36,-83,1638625403296
8,0,37,D0:F0:18:43:F8:47,-67,1638625403799
8,0,38,D0:F0:18:43:F8:47,-66,1638625404302
8,0,39,D0:F0:18:43:F8:2A,-89,1638625404806
8,0,40,D0:F0:18:43:F8:47,-82,1638625405309
8,0,41,D0:F0:18:43:F8:47,-81,1638625405814
8,0,42,D0:F0:18:43:F8:47,-66,1638625406317
8,0,43,D0:F0:18:43:F8:2A,-92,1638625406820
8,0,44,D0:F0:18:43:F8:36,-73,1638625407323
8,0,45,D0:F0:18:43:F8:47,-82,1638625407826
8,0,46,D0:F0:18:43:F8:36,-83,1638625408329
8,0,47,D0:F0:18:43:F8:2A,-89,1638625408832
8,0,48,D0:F0:18:43:F8:36,-76,1638625409335
8,0,49,D0:F0:18:43:F8:47,-66,1638625409837
8,0,50,D0:F0:18:43:F8:47,-82,1638625410341
8,0,51,D0:F0:18:43:F8:2A,-93,1638625410844
8,0,52,D0:F0:18:43:F8:47,-82,1638625411347
8,0,53,D0:F0:18:43:F8:36,-82,1638625411849
8,0,54,D0:F0:18:43:F8:2A,-89,1638625412351
8,0,55,D0:F0:18:43:F8:47,-72,1638625412854
8,0,56,D0:F0:18:43:F8:47,-66,1638625413357
8,0,57,D0:F0:18:43:F8:36,-83,1638625413860
8,0,58,D0:F0:18:43:F8:2A,-93,1638625414364
8,0,59,D0:F0:18:43:F8:36,-82,1638625414867
8,0,60,D0:F0:18:43:F8:2A,-89,1638625415370
8,0,61,D0:F0:18:43:F8:36,-82,1638625415872
8,0,62,D0:F0:18:43:F8:47,-81,1638625416375
8,0,63,D0:F0:18:43:F8:2A,-93,1638625416879
8,0,64,D0:F0:18:43:F8:47,-72,1638625417382
8,0,65,D0:F0:18:43:F8:2A,-93,1638625417884
8,0,66,D0:F0:18:43:F8:2A,-93,1638625418387
8,0,67,D0:F0:18:43:F8:47,-82,1638625418890
8,0,68,D0:F0:18:43:F8:2A,-89,1638625419394
8,0,69,D0:F0:18:43:F8:36,-82,1638625419897
8,0,70,D0:F0:18:43:F8:2A,-89,1638625420400
8,0,71,D0:F0:18:43:F8:2A,-89,1638625420903
8,0,72,D0:F0:18:43:F8:36,-73,1638625421406
8,0,73,D0:F0:18:43:F8:47,-82,1638625421908
8,0,74,D0:F0:18:43:F8:47,-72,1638625422411
8,0,75,D0:F0:18:43:F8:36,-82,1638625422915
8,0,76,D0:F0:18:43:F8:47,-72,1638625423418
8,0,77,D0:F0:18:43:F8:47,-72,1638625423920
8,0,78,D0:F0:18:43:F8:47,-72,1638625424423
8,0,79,D0:F0:18:43:F8:36,-73,1638625424925
8,0,80,D0:F0:18:43:F8:47,-82,1638625425427
8,0,81,D0:F0:18:43:F8:47,-66,1638625425929
8,0,82,D0:F0:18:43:F8:36,-73,1638625426432
8,0,83,D0:F0:18:43:F8:47,-82,1638625426935
8,0,84,D0:F0:18:43:F8:47,-82,1638625427438
8,0,85,D0:F0:18:43:F8:36,-76,1638625427941
8,0,86,D0:F0:18:43:F8:2A,-93,1638625428444
8,0,87,D0:F0:18:43:F8:47,-82,1638625428946
8,0,88,D0:F0:18:43:F8:36,-75,1638625429449
8,0,89,D0:F0:18:43:F8:36,-75,1638625429952
8,0,90,D0:F0:18:43:F8:2A,-93,1638625430455
8,0,91,D0:F0:18:43:F8:36,-82,1638625430958
8,0,92,D0:F0:18:43:F8:47,-81,1638625431461
8,0,93,D0:F0:18:43:F8:47,-82,1638625431964
8,0,94,D0:F0:18:43:F8:36,-76,1638625432466
8,0,95,D0:F0:18:43:F8:47,-82,1638625432967
8,0,96,D0:F0:18:43:F8:2A,-89,1638625433469
8,0,97,D0:F0:18:43:F8:2A,-89,1638625433972
8,0,98,D0:F0:18:43:F8:36,-72,1638625434474
8,0,99,D0:F0:18:43:F8:47,-82,1638625434977
8,0,100,D0:F0:18:43:F8:47,-81,1638625435481
8,0,101,D0:F0:18:43:F8:36,-75,1638625435983
8,0,102,D0:F0:18:43:F8:2A,-93,1638625436486
8,0,103,D0:F0:18:43:F8:47,-72,1638625436989
8,0,104,D0:F0:18:43:F8:36,-73,1638625437491
8,0,105,D0:F0:18:43:F8:2A,-92,1638625437994
8,0,106,D0:F0:18:43:F8:47,-82,1638625438497
8,0,107,D0:F0:18:43:F8:2A,-89,1638625438999
8,0,108,D0:F0:18:43:F8:2A,-89,1638625439503
8,0,109,D0:F0:18:43:F8:2A,-92,1638625440006
8,0,110,D0:F0:18:43:F8:36,-73,1638625440508
8,0,111,D0:F0:18:43:F8:47,-82,1638625441011
8,0,112,D0:F0:18:43:F8:36,-82,1638625441515
8,0,113,D0:F0:18:43:F8:36,-82,1638625442018
8,0,114,D0:F0:18:43:F8:47,-67,1638625442520
8,0,115,D0:F0:18:43:F8:47,-72,1638625443023
8,0,116,D0:F0:18:43:F8:36,-84,1638625443527
8,0,117,D0:F0:18:43:F8:47,-67,1638625444029
8,0,118,D0:F0:18:43:F8:36,-75,1638625444531
8,0,119,D0:F0:18:43:F8:47,-67,1638625445034
9,0,0,D0:F0:18:43:F8:2A,-84,1638625452614
9,0,1,D0:F0:18:43:F8:36,-77,1638625453117
9,0,2,D0:F0:18:43:F8:47,-78,1638625453621
9,0,3,D0:F0:18:43:F8:36,-77,1638625454124
9,0,4,D0:F0:18:43:F8:2A,-85,1638625454908
9,0,5,D0:F0:18:43:F8:36,-77,1638625455410
9,0,6,D0:F0:18:43:F8:47,-73,1638625455912
9,0,7,D0:F0:18:43:F8:2A,-93,1638625456414
9,0,8,D0:F0:18:43:F8:47,-72,1638625456918
9,0,9,D0:F0:18:43:F8:2A,-88,1638625457420
9,0,10,D0:F0:18:43:F8:2A,-87,1638625457922
9,0,11,D0:F0:18:43:F8:2A,-85,1638625458425
9,0,12,D0:F0:18:43:F8:47,-79,1638625458928
9,0,13,D0:F0:18:43:F8:2A,-85,1638625459429
9,0,14,D0:F0:18:43:F8:2A,-84,1638625459931
9,0,15,D0:F0:18:43:F8:47,-73,1638625460434
9,0,16,D0:F0:18:43:F8:2A,-87,1638625460936
9,0,17,D0:F0:18:43:F8:2A,-87,1638625461439
9,0,18,D0:F0:18:43:F8:47,-80,1638625461942
9,0,19,D0:F0:18:43:F8:2A,-85,1638625462444
9,0,20,D0:F0:18:43:F8:47,-72,1638625462946
9,0,21,D0:F0:18:43:F8:47,-73,1638625463448
9,0,22,D0:F0:18:43:F8:36,-79,1638625463951
9,0,23,D0:F0:18:43:F8:47,-72,1638625464453
9,0,24,D0:F0:18:43:F8:47,-72,1638625464955
9,0,25,D0:F0:18:43:F8:47,-79,1638625465457
9,0,26,D0:F0:18:43:F8:47,-80,1638625465961
9,0,27,D0:F0:18:43:F8:2A,-85,1638625466464
9,0,28,D0:F0:18:43:F8:47,-72,1638625466966
9,0,29,D0:F0:18:43:F8:36,-79,1638625467469
9,0,30,D0:F0:18:43:F8:47,-72,1638625467971
9,0,31,D0:F0:18:43:F8:47,-79,1638625468473
9,0,32,D0:F0:18:43:F8:47,-79,1638625468976
9,0,33,D0:F0:18:43:F8:2A,-85,1638625469479
9,0,34,D0:F0:18:43:F8:2A,-85,1638625469982
9,0,35,D0:F0:18:43:F8:36,-79,1638625470484
9,0,36,D0:F0:18:43:F8:47,-72,1638625470986
9,0,37,D0:F0:18:43:F8:47,-73,1638625471489
9,0,38,D0:F0:18:43:F8:47,-72,1638625471991
9,0,39,D0:F0:18:43:F8:47,-72,1638625472494
9,0,40,D0:F0:18:43:F8:47,-79,1638625472998
9,0,41,D0:F0:18:43:F8:47,-82,1638625473501
9,0,42,D0:F0:18:43:F8:47,-81,1638625474005
9,0,43,D0:F0:18:43:F8:47,-88,1638625474507
9,0,44,D0:F0:18:43:F8:2A,-81,1638625475011
9,0,45,D0:F0:18:43:F8:47,-74,1638625475514
9,0,46,D0:F0:18:43:F8:47,-72,1638625476015
9,0,47,D0:F0:18:43:F8:47,-82,1638625476518
9,0,48,D0:F0:18:43:F8:2A,-91,1638625477021
9,0,49,D0:F0:18:43:F8:47,-78,1638625477524
9,0,50,D0:F0:18:43:F8:47,-81,1638625478026
9,0,51,D0:F0:18:43:F8:47,-83,1638625478529
9,0,52,D0:F0:18:43:F8:47,-81,1638625479031
9,0,53,D0:F0:18:43:F8:47,-72,1638625479535
9,0,54,D0:F0:18:43:F8:47,-78,1638625480037
9,0,55,D0:F0:18:43:F8:47,-78,1638625480539
9,0,56,D0:F0:18:43:F8:2A,-82,1638625481042
9,0,57,D0:F0:18:43:F8:36,-76,1638625481545
9,0,58,D0:F0:18:43:F8:2A,-95,1638625482048
9,0,59,D0:F0:18:43:F8:47,-78,1638625482551
9,0,60,D0:F0:18:43:F8:47,-77,1638625483054
9,0,61,D0:F0:18:43:F8:2A,-85,1638625483557
9,0,62,D0:F0:18:43:F8:47,-71,1638625484060
9,0,63,D0:F0:18:43:F8:47,-71,1638625484563
9,0,64,D0:F0:18:43:F8:47,-72,1638625485066
9,0,65,D0:F0:18:43:F8:47,-72,1638625485569
9,0,66,D0:F0:18:43:F8:2A,-88,1638625486071
9,0,67,D0:F0:18:43:F8:2A,-88,1638625486575
9,0,68,D0:F0:18:43:F8:36,-77,1638625487079
9,0,69,D0:F0:18:43:F8:47,-72,1638625487582
9,0,70,D0:F0:18:43:F8:2A,-93,1638625488084
9,0,71,D0:F0:18:43:F8:47,-78,1638625488587
9,0,72,D0:F0:18:43:F8:2A,-93,1638625489089
9,0,73,D0:F0:18:43:F8:47,-72,1638625489591
9,0,74,D0:F0:18:43:F8:2A,-88,1638625490094
9,0,75,D0:F0:18:43:F8:47,-80,1638625490597
9,0,76,D0:F0:18:43:F8:36,-77,1638625491099
9,0,77,D0:F0:18:43:F8:2A,-85,1638625491602
9,0,78,D0:F0:18:43:F8:47,-72,1638625492103
9,0,79,D0:F0:18:43:F8:36,-76,1638625492606
9,0,80,D0:F0:18:43:F8:2A,-88,1638625493108
9,0,81,D0:F0:18:43:F8:47,-78,1638625493612
9,0,82,D0:F0:18:43:F8:2A,-87,1638625494115
9,0,83,D0:F0:18:43:F8:36,-76,1638625494617
9,0,84,D0:F0:18:43:F8:47,-72,1638625495119
9,0,85,D0:F0:18:43:F8:47,-85,1638625495621
9,0,86,D0:F0:18:43:F8:47,-78,1638625496123
9,0,87,D0:F0:18:43:F8:2A,-86,1638625496625
9,0,88,D0:F0:18:43:F8:36,-77,1638625497127
9,0,89,D0:F0:18:43:F8:2A,-85,1638625497631
9,0,90,D0:F0:18:43:F8:47,-79,1638625498134
9,0,91,D0:F0:18:43:F8:47,-82,1638625498638
9,0,92,D0:F0:18:43:F8:2A,-93,1638625499140
9,0,93,D0:F0:18:43:F8:47,-72,1638625499643
9,0,94,D0:F0:18:43:F8:47,-72,1638625500146
9,0,95,D0:F0:18:43:F8:2A,-90,1638625500648
9,0,96,D0:F0:18:43:F8:36,-77,1638625501150
9,0,97,D0:F0:18:43:F8:47,-71,1638625501652
9,0,98,D0:F0:18:43:F8:2A,-84,1638625502155
9,0,99,D0:F0:18:43:F8:47,-71,1638625502657
9,0,100,D0:F0:18:43:F8:2A,-86,1638625503160
9,0,101,D0:F0:18:43:F8:47,-78,1638625503662
9,0,102,D0:F0:18:43:F8:2A,-84,1638625504165
9,0,103,D0:F0:18:43:F8:36,-78,1638625504668
9,0,104,D0:F0:18:43:F8:47,-72,1638625505171
9,0,105,D0:F0:18:43:F8:47,-79,1638625505674
9,0,106,D0:F0:18:43:F8:2A,-84,1638625506177
9,0,107,D0:F0:18:43:F8:47,-71,1638625506678
9,0,108,D0:F0:18:43:F8:47,-72,1638625507182
9,0,109,D0:F0:18:43:F8:2A,-85,1638625507684
9,0,110,D0:F0:18:43:F8:47,-78,1638625508186
9,0,111,D0:F0:18:43:F8:47,-79,1638625508689
9,0,112,D0:F0:18:43:F8:36,-78,1638625509192
9,0,113,D0:F0:18:43:F8:47,-75,1638625509695
9,0,114,D0:F0:18:43:F8:47,-73,1638625510198
9,0,115,D0:F0:18:43:F8:2A,-86,1638625510701
9,0,116,D0:F0:18:43:F8:2A,-89,1638625511203
9,0,117,D0:F0:18:43:F8:2A,-83,1638625511705
9,0,118,D0:F0:18:43:F8:2A,-84,1638625512207
9,0,119,D0:F0:18:43:F8:36,-76,1638625512711
10,0,0,D0:F0:18:43:F8:47,-82,1638625520782
10,0,1,D0:F0:18:43:F8:2A,-86,1638625521285
10,0,2,D0:F0:18:43:F8:2A,-84,1638625521790
10,0,3,D0:F0:18:43:F8:36,-76,1638625522293
10,0,4,D0:F0:18:43:F8:47,-74,1638625522795
10,0,5,D0:F0:18:43:F8:47,-71,1638625523298
10,0,6,D0:F0:18:43:F8:36,-66,1638625523801
10,0,7,D0:F0:18:43:F8:2A,-92,1638625524304
10,0,8,D0:F0:18:43:F8:2A,-82,1638625524806
10,0,9,D0:F0:18:43:F8:36,-80,1638625525309
10,0,10,D0:F0:18:43:F8:36,-78,1638625525812
10,0,11,D0:F0:18:43:F8:47,-71,1638625526314
10,0,12,D0:F0:18:43:F8:2A,-90,1638625526815
10,0,13,D0:F0:18:43:F8:47,-74,1638625527320
10,0,14,D0:F0:18:43:F8:47,-70,1638625527823
10,0,15,D0:F0:18:43:F8:36,-65,1638625528327
10,0,16,D0:F0:18:43:F8:36,-73,1638625528828
10,0,17,D0:F0:18:43:F8:2A,-87,1638625529333
10,0,18,D0:F0:18:43:F8:47,-77,1638625529836
10,0,19,D0:F0:18:43:F8:47,-71,1638625530339
10,0,20,D0:F0:18:43:F8:47,-76,1638625530841
10,0,21,D0:F0:18:43:F8:36,-78,1638625531344
10,0,22,D0:F0:18:43:F8:2A,-84,1638625531846
10,0,23,D0:F0:18:43:F8:36,-72,1638625532348
10,0,24,D0:F0:18:43:F8:36,-79,1638625532851
10,0,25,D0:F0:18:43:F8:47,-77,1638625533353
10,0,26,D0:F0:18:43:F8:36,-66,1638625533855
10,0,27,D0:F0:18:43:F8:36,-73,1638625534357
10,0,28,D0:F0:18:43:F8:2A,-83,1638625534860
10,0,29,D0:F0:18:43:F8:2A,-87,1638625535362
10,0,30,D0:F0:18:43:F8:36,-79,1638625535865
10,0,31,D0:F0:18:43:F8:47,-77,1638625536367
10,0,32,D0:F0:18:43:F8:2A,-90,1638625536869
10,0,33,D0:F0:18:43:F8:36,-73,1638625537372
10,0,34,D0:F0:18:43:F8:2A,-87,1638625537874
10,0,35,D0:F0:18:43:F8:2A,-83,1638625538378
10,0,36,D0:F0:18:43:F8:47,-78,1638625538881
10,0,37,D0:F0:18:43:F8:2A,-82,1638625539384
10,0,38,D0:F0:18:43:F8:2A,-83,1638625539886
10,0,39,D0:F0:18:43:F8:47,-77,1638625540388
10,0,40,D0:F0:18:43:F8:2A,-84,1638625540891
10,0,41,D0:F0:18:43:F8:2A,-87,1638625541394
10,0,42,D0:F0:18:43:F8:47,-70,1638625541896
10,0,43,D0:F0:18:43:F8:36,-66,1638625542399
10,0,44,D0:F0:18:43:F8:2A,-84,1638625542901
10,0,45,D0:F0:18:43:F8:2A,-88,1638625543404
10,0,46,D0:F0:18:43:F8:36,-77,1638625543906
10,0,47,D0:F0:18:43:F8:47,-69,1638625544409
10,0,48,D0:F0:18:43:F8:47,-74,1638625544912
10,0,49,D0:F0:18:43:F8:36,-78,1638625545415
10,0,50,D0:F0:18:43:F8:47,-74,1638625545917
10,0,51,D0:F0:18:43:F8:47,-70,1638625546420
10,0,52,D0:F0:18:43:F8:2A,-84,1638625546923
10,0,53,D0:F0:18:43:F8:47,-73,1638625547426
10,0,54,D0:F0:18:43:F8:47,-72,1638625547928
10,0,55,D0:F0:18:43:F8:47,-73,1638625548431
10,0,56,D0:F0:18:43:F8:47,-70,1638625548934
10,0,57,D0:F0:18:43:F8:2A,-87,1638625549436
10,0,58,D0:F0:18:43:F8:47,-71,1638625549940
10,0,59,D0:F0:18:43:F8:2A,-84,1638625550442
10,0,60,D0:F0:18:43:F8:36,-80,1638625550944
10,0,61,D0:F0:18:43:F8:36,-82,1638625551447
10,0,62,D0:F0:18:43:F8:36,-66,1638625551950
10,0,63,D0:F0:18:43:F8:2A,-88,1638625552453
10,0,64,D0:F0:18:43:F8:2A,-88,1638625552955
10,0,65,D0:F0:18:43:F8:36,-81,1638625553457
10,0,66,D0:F0:18:43:F8:47,-71,1638625553960
10,0,67,D0:F0:18:43:F8:2A,-85,1638625554461
10,0,68,D0:F0:18:43:F8:36,-73,1638625554962
10,0,69,D0:F0:18:43:F8:2A,-91,1638625555465
10,0,70,D0:F0:18:43:F8:2A,-87,1638625555968
10,0,71,D0:F0:18:43:F8:36,-66,1638625556470
10,0,72,D0:F0:18:43:F8:47,-73,1638625556973
10,0,73,D0:F0:18:43:F8:2A,-89,1638625557476
10,0,74,D0:F0:18:43:F8:36,-73,1638625557978
10,0,75,D0:F0:18:43:F8:47,-73,1638625558482
10,0,76,D0:F0:18:43:F8:2A,-84,1638625558983
10,0,77,D0:F0:18:43:F8:2A,-88,1638625559485
10,0,78,D0:F0:18:43:F8:36,-65,1638625559988
10,0,79,D0:F0:18:43:F8:2A,-83,1638625560490
10,0,80,D0:F0:18:43:F8:36,-78,1638625560994
10,0,81,D0:F0:18:43:F8:36,-77,1638625561497
10,0,82,D0:F0:18:43:F8:47,-75,1638625562001
10,0,83,D0:F0:18:43:F8:36,-85,1638625562504
10,0,84,D0:F0:18:43:F8:36,-65,1638625563006
10,0,85,D0:F0:18:43:F8:47,-73,1638625563509
10,0,86,D0:F0:18:43:F8:2A,-92,1638625564012
10,0,87,D0:F0:18:43:F8:36,-80,1638625564515
10,0,88,D0:F0:18:43:F8:47,-76,1638625565018
10,0,89,D0:F0:18:43:F8:2A,-83,1638625565521
10,0,90,D0:F0:18:43:F8:36,-64,1638625566024
10,0,91,D0:F0:18:43:F8:36,-82,1638625566527
10,0,92,D0:F0:18:43:F8:47,-70,1638625567032
10,0,93,D0:F0:18:43:F8:47,-76,1638625567536
10,0,94,D0:F0:18:43:F8:47,-74,1638625568038
10,0,95,D0:F0:18:43:F8:47,-79,1638625568542
10,0,96,D0:F0:18:43:F8:2A,-86,1638625569044
10,0,97,D0:F0:18:43:F8:47,-70,1638625569546
10,0,98,D0:F0:18:43:F8:47,-71,1638625570050
10,0,99,D0:F0:18:43:F8:2A,-88,1638625570554
10,0,100,D0:F0:18:43:F8:36,-65,1638625571057
10,0,101,D0:F0:18:43:F8:2A,-88,1638625571559
10,0,102,D0:F0:18:43:F8:2A,-83,1638625572060
10,0,103,D0:F0:18:43:F8:36,-80,1638625572563
10,0,104,D0:F0:18:43:F8:2A,-88,1638625573065
10,0,105,D0:F0:18:43:F8:2A,-90,1638625573568
10,0,106,D0:F0:18:43:F8:36,-66,1638625574071
10,0,107,D0:F0:18:43:F8:36,-66,1638625574573
10,0,108,D0:F0:18:43:F8:36,-68,1638625575076
10,0,109,D0:F0:18:43:F8:47,-77,1638625575578
10,0,110,D0:F0:18:43:F8:2A,-89,1638625576082
10,0,111,D0:F0:18:43:F8:36,-80,1638625576585
10,0,112,D0:F0:18:43:F8:47,-72,1638625577088
10,0,113,D0:F0:18:43:F8:36,-66,1638625577590
10,0,114,D0:F0:18:43:F8:36,-65,1638625578092
10,0,115,D0:F0:18:43:F8:2A,-85,1638625578594
10,0,116,D0:F0:18:43:F8:36,-65,1638625579097
10,0,117,D0:F0:18:43:F8:36,-73,1638625579600
10,0,118,D0:F0:18:43:F8:2A,-82,1638625580103
10,0,119,D0:F0:18:43:F8:36,-75,1638625580606
11,0,0,D0:F0:18:43:F8:36,-67,1638625585658
11,0,1,D0:F0:18:43:F8:36,-61,1638625586163
11,0,2,D0:F0:18:43:F8:2A,-89,1638625586666
11,0,3,D0:F0:18:43:F8:36,-62,1638625587169
11,0,4,D0:F0:18:43:F8:2A,-91,1638625587671
11,0,5,D0:F0:18:43:F8:36,-62,1638625588175
11,0,6,D0:F0:18:43:F8:47,-76,1638625588677
11,0,7,D0:F0:18:43:F8:36,-62,1638625589180
11,0,8,D0:F0:18:43:F8:36,-68,1638625589682
11,0,9,D0:F0:18:43:F8:47,-85,1638625590184
11,0,10,D0:F0:18:43:F8:2A,-88,1638625590687
11,0,11,D0:F0:18:43:F8:2A,-85,1638625591190
11,0,12,D0:F0:18:43:F8:47,-78,1638625591692
11,0,13,D0:F0:18:43:F8:2A,-85,1638625592194
11,0,14,D0:F0:18:43:F8:36,-69,1638625592696
11,0,15,D0:F0:18:43:F8:47,-79,1638625593198
11,0,16,D0:F0:18:43:F8:2A,-87,1638625593699
11,0,17,D0:F0:18:43:F8:47,-78,1638625594203
11,0,18,D0:F0:18:43:F8:47,-84,1638625594706
11,0,19,D0:F0:18:43:F8:2A,-86,1638625595208
11,0,20,D0:F0:18:43:F8:2A,-84,1638625595711
11,0,21,D0:F0:18:43:F8:36,-62,1638625596214
11,0,22,D0:F0:18:43:F8:2A,-91,1638625596717
11,0,23,D0:F0:18:43:F8:2A,-90,1638625597220
11,0,24,D0:F0:18:43:F8:36,-62,1638625597723
11,0,25,D0:F0:18:43:F8:2A,-88,1638625598226
11,0,26,D0:F0:18:43:F8:2A,-86,1638625598727
11,0,27,D0:F0:18:43:F8:36,-69,1638625599230
11,0,28,D0:F0:18:43:F8:47,-84,1638625599733
11,0,29,D0:F0:18:43:F8:36,-62,1638625600236
11,0,30,D0:F0:18:43:F8:2A,-92,1638625600738
11,0,31,D0:F0:18:43:F8:36,-61,1638625601241
11,0,32,D0:F0:18:43:F8:2A,-86,1638625601744
11,0,33,D0:F0:18:43:F8:36,-62,1638625602247
11,0,34,D0:F0:18:43:F8:36,-62,1638625602750
11,0,35,D0:F0:18:43:F8:2A,-90,1638625603253
11,0,36,D0:F0:18:43:F8:2A,-92,1638625603756
11,0,37,D0:F0:18:43:F8:47,-83,1638625604258
11,0,38,D0:F0:18:43:F8:2A,-89,1638625604761
11,0,39,D0:F0:18:43:F8:2A,-85,1638625605264
11,0,40,D0:F0:18:43:F8:47,-86,1638625605768
11,0,41,D0:F0:18:43:F8:36,-69,1638625606271
11,0,42,D0:F0:18:43:F8:2A,-87,1638625606774
11,0,43,D0:F0:18:43:F8:36,-62,1638625607277
11,0,44,D0:F0:18:43:F8:47,-80,1638625607780
11,0,45,D0:F0:18:43:F8:47,-77,1638625608282
11,0,46,D0:F0:18:43:F8:36,-62,1638625608785
11,0,47,D0:F0:18:43:F8:36,-61,1638625609287
11,0,48,D0:F0:18:43:F8:36,-67,1638625609790
11,0,49,D0:F0:18:43:F8:36,-66,1638625610291
11,0,50,D0:F0:18:43:F8:36,-62,1638625610794
11,0,51,D0:F0:18:43:F8:2A,-86,1638625611297
11,0,52,D0:F0:18:43:F8:2A,-90,1638625611799
11,0,53,D0:F0:18:43:F8:47,-82,1638625612301
11,0,54,D0:F0:18:43:F8:47,-80,1638625612804
11,0,55,D0:F0:18:43:F8:2A,-87,1638625613308
11,0,56,D0:F0:18:43:F8:36,-62,1638625613811
11,0,57,D0:F0:18:43:F8:2A,-84,1638625614313
11,0,58,D0:F0:18:43:F8:2A,-92,1638625614816
11,0,59,D0:F0:18:43:F8:36,-68,1638625615318
11,0,60,D0:F0:18:43:F8:47,-81,1638625615821
11,0,61,D0:F0:18:43:F8:2A,-85,1638625616324
11,0,62,D0:F0:18:43:F8:47,-77,1638625616827
11,0,63,D0:F0:18:43:F8:36,-62,1638625617330
11,0,64,D0:F0:18:43:F8:2A,-86,1638625617832
11,0,65,D0:F0:18:43:F8:36,-62,1638625618335
11,0,66,D0:F0:18:43:F8:36,-68,1638625618838
11,0,67,D0:F0:18:43:F8:47,-83,1638625619341
11,0,68,D0:F0:18:43:F8:47,-79,1638625619844
11,0,69,D0:F0:18:43:F8:36,-62,1638625620347
11,0,70,D0:F0:18:43:F8:47,-88,1638625620849
11,0,71,D0:F0:18:43:F8:2A,-93,1638625621351
11,0,72,D0:F0:18:43:F8:36,-68,1638625621854
11,0,73,D0:F0:18:43:F8:47,-81,1638625622357
11,0,74,D0:F0:18:43:F8:2A,-86,1638625622859
11,0,75,D0:F0:18:43:F8:36,-62,1638625623362
11,0,76,D0:F0:18:43:F8:36,-62,1638625623865
11,0,77,D0:F0:18:43:F8:2A,-92,1638625624368
11,0,78,D0:F0:18:43:F8:36,-62,1638625624871
11,0,79,D0:F0:18:43:F8:36,-62,1638625625374
11,0,80,D0:F0:18:43:F8:47,-84,1638625625876
11,0,81,D0:F0:18:43:F8:36,-61,1638625626378
11,0,82,D0:F0:18:43:F8:36,-62,1638625626880
11,0,83,D0:F0:18:43:F8:47,-86,1638625627382
11,0,84,D0:F0:18:43:F8:36,-68,1638625627885
11,0,85,D0:F0:18:43:F8:36,-68,1638625628388
11,0,86,D0:F0:18:43:F8:47,-86,1638625628891
11,0,87,D0:F0:18:43:F8:2A,-87,1638625629392
11,0,88,D0:F0:18:43:F8:36,-62,1638625629895
11,0,89,D0:F0:18:43:F8:36,-62,1638625630397
11,0,90,D0:F0:18:43:F8:47,-77,1638625630899
11,0,91,D0:F0:18:43:F8:36,-62,1638625631402
11,0,92,D0:F0:18:43:F8:36,-66,1638625631903
11,0,93,D0:F0:18:43:F8:36,-62,1638625632406
11,0,94,D0:F0:18:43:F8:36,-62,1638625632909
11,0,95,D0:F0:18:43:F8:36,-62,1638625633412
11,0,96,D0:F0:18:43:F8:2A,-88,1638625633914
11,0,97,D0:F0:18:43:F8:36,-68,1638625634417
11,0,98,D0:F0:18:43:F8:36,-68,1638625634920
11,0,99,D0:F0:18:43:F8:47,-88,1638625635424
11,0,100,D0:F0:18:43:F8:36,-62,1638625635925
11,0,101,D0:F0:18:43:F8:47,-85,1638625636428
11,0,102,D0:F0:18:43:F8:2A,-88,1638625636931
11,0,103,D0:F0:18:43:F8:36,-68,1638625637433
11,0,104,D0:F0:18:43:F8:36,-68,1638625637936
11,0,105,D0:F0:18:43:F8:36,-62,1638625638438
11,0,106,D0:F0:18:43:F8:36,-67,1638625638941
11,0,107,D0:F0:18:43:F8:36,-62,1638625639444
11,0,108,D0:F0:18:43:F8:36,-62,1638625639946
11,0,109,D0:F0:18:43:F8:47,-77,1638625640448
11,0,110,D0:F0:18:43:F8:36,-62,1638625640950
11,0,111,D0:F0:18:43:F8:36,-62,1638625641453
11,0,112,D0:F0:18:43:F8:47,-85,1638625641956
11,0,113,D0:F0:18:43:F8:36,-62,1638625642458
11,0,114,D0:F0:18:43:F8:36,-62,1638625642961
11,0,115,D0:F0:18:43:F8:47,-80,1638625643464
11,0,116,D0:F0:18:43:F8:36,-62,1638625643966
11,0,117,D0:F0:18:43:F8:36,-62,1638625644470
11,0,118,D0:F0:18:43:F8:47,-77,1638625644973
11,0,119,D0:F0:18:43:F8:36,-67,1638625645476
12,0,0,D0:F0:18:43:F8:47,-79,1638625650025
12,0,1,D0:F0:18:43:F8:47,-76,1638625650528
12,0,2,D0:F0:18:43:F8:36,-73,1638625651034
12,0,3,D0:F0:18:43:F8:36,-76,1638625651537
12,0,4,D0:F0:18:43:F8:47,-81,1638625652039
12,0,5,D0:F0:18:43:F8:36,-73,1638625652541
12,0,6,D0:F0:18:43:F8:36,-74,1638625653043
12,0,7,D0:F0:18:43:F8:36,-86,1638625653545
12,0,8,D0:F0:18:43:F8:47,-72,1638625654048
12,0,9,D0:F0:18:43:F8:36,-69,1638625654549
12,0,10,D0:F0:18:43:F8:36,-71,1638625655052
12,0,11,D0:F0:18:43:F8:47,-80,1638625655555
12,0,12,D0:F0:18:43:F8:36,-70,1638625656057
12,0,13,D0:F0:18:43:F8:36,-71,1638625656560
12,0,14,D0:F0:18:43:F8:2A,-88,1638625657063
12,0,15,D0:F0:18:43:F8:47,-73,1638625657566
12,0,16,D0:F0:18:43:F8:36,-74,1638625658069
12,0,17,D0:F0:18:43:F8:36,-71,1638625658572
12,0,18,D0:F0:18:43:F8:47,-81,1638625659077
12,0,19,D0:F0:18:43:F8:2A,-88,1638625659581
12,0,20,D0:F0:18:43:F8:2A,-89,1638625660084
12,0,21,D0:F0:18:43:F8:36,-71,1638625660586
12,0,22,D0:F0:18:43:F8:36,-72,1638625661089
12,0,23,D0:F0:18:43:F8:2A,-88,1638625661592
12,0,24,D0:F0:18:43:F8:36,-74,1638625662094
12,0,25,D0:F0:18:43:F8:36,-71,1638625662597
12,0,26,D0:F0:18:43:F8:2A,-89,1638625663100
12,0,27,D0:F0:18:43:F8:36,-74,1638625663603
12,0,28,D0:F0:18:43:F8:36,-72,1638625664105
12,0,29,D0:F0:18:43:F8:47,-72,1638625664607
12,0,30,D0:F0:18:43:F8:36,-74,1638625665108
12,0,31,D0:F0:18:43:F8:47,-72,1638625665611
12,0,32,D0:F0:18:43:F8:47,-81,1638625666114
12,0,33,D0:F0:18:43:F8:36,-74,1638625666615
12,0,34,D0:F0:18:43:F8:47,-72,1638625667118
12,0,35,D0:F0:18:43:F8:47,-72,1638625667620
12,0,36,D0:F0:18:43:F8:47,-72,1638625668123
12,0,37,D0:F0:18:43:F8:36,-71,1638625668625
12,0,38,D0:F0:18:43:F8:47,-72,1638625669127
12,0,39,D0:F0:18:43:F8:36,-71,1638625669630
12,0,40,D0:F0:18:43:F8:36,-71,1638625670133
12,0,41,D0:F0:18:43:F8:47,-82,1638625670636
12,0,42,D0:F0:18:43:F8:2A,-89,1638625671139
12,0,43,D0:F0:18:43:F8:47,-72,1638625671641
12,0,44,D0:F0:18:43:F8:47,-72,1638625672144
12,0,45,D0:F0:18:43:F8:36,-71,1638625672647
12,0,46,D0:F0:18:43:F8:36,-71,1638625673150
12,0,47,D0:F0:18:43:F8:47,-81,1638625673653
12,0,48,D0:F0:18:43:F8:2A,-89,1638625674155
12,0,49,D0:F0:18:43:F8:2A,-89,1638625674658
12,0,50,D0:F0:18:43:F8:36,-72,1638625675161
12,0,51,D0:F0:18:43:F8:47,-72,1638625675663
12,0,52,D0:F0:18:43:F8:36,-74,1638625676166
12,0,53,D0:F0:18:43:F8:47,-81,1638625676668
12,0,54,D0:F0:18:43:F8:2A,-89,1638625677171
12,0,55,D0:F0:18:43:F8:36,-71,1638625677674
12,0,56,D0:F0:18:43:F8:36,-72,1638625678177
12,0,57,D0:F0:18:43:F8:2A,-88,1638625678679
12,0,58,D0:F0:18:43:F8:36,-74,1638625679182
12,0,59,D0:F0:18:43:F8:36,-74,1638625679686
12,0,60,D0:F0:18:43:F8:47,-81,1638625680187
12,0,61,D0:F0:18:43:F8:47,-73,1638625680690
12,0,62,D0:F0:18:43:F8:2A,-89,1638625681193
12,0,63,D0:F0:18:43:F8:36,-72,1638625681695
12,0,64,D0:F0:18:43:F8:2A,-89,1638625682198
12,0,65,D0:F0:18:43:F8:2A,-89,1638625682701
12,0,66,D0:F0:18:43:F8:36,-74,1638625683204
12,0,67,D0:F0:18:43:F8:47,-72,1638625683707
12,0,68,D0:F0:18:43:F8:36,-71,1638625684210
12,0,69,D0:F0:18:43:F8:36,-71,1638625684713
12,0,70,D0:F0:18:43:F8:47,-73,1638625685215
12,0,71,D0:F0:18:43:F8:36,-72,1638625685718
12,0,72,D0:F0:18:43:F8:2A,-92,1638625686221
12,0,73,D0:F0:18:43:F8:47,-71,1638625686724
12,0,74,D0:F0:18:43:F8:36,-72,1638625687227
12,0,75,D0:F0:18:43:F8:47,-81,1638625687730
12,0,76,D0:F0:18:43:F8:47,-73,1638625688233
12,0,77,D0:F0:18:43:F8:36,-70,1638625688736
12,0,78,D0:F0:18:43:F8:36,-72,1638625689239
12,0,79,D0:F0:18:43:F8:36,-71,1638625689741
12,0,80,D0:F0:18:43:F8:36,-73,1638625690243
12,0,81,D0:F0:18:43:F8:36,-71,1638625690746
12,0,82,D0:F0:18:43:F8:36,-73,1638625691249
12,0,83,D0:F0:18:43:F8:47,-82,1638625691752
12,0,84,D0:F0:18:43:F8:47,-81,1638625692255
12,0,85,D0:F0:18:43:F8:2A,-93,1638625692756
12,0,86,D0:F0:18:43:F8:2A,-93,1638625693258
12,0,87,D0:F0:18:43:F8:36,-73,1638625693761
12,0,88,D0:F0:18:43:F8:36,-72,1638625694263
12,0,89,D0:F0:18:43:F8:47,-73,1638625694767
12,0,90,D0:F0:18:43:F8:47,-82,1638625695269
12,0,91,D0:F0:18:43:F8:36,-71,1638625695773
12,0,92,D0:F0:18:43:F8:36,-71,1638625696276
12,0,93,D0:F0:18:43:F8:47,-73,1638625696779
12,0,94,D0:F0:18:43:F8:36,-70,1638625697283
12,0,95,D0:F0:18:43:F8:36,-73,1638625697785
12,0,96,D0:F0:18:43:F8:47,-73,1638625698288
12,0,97,D0:F0:18:43:F8:36,-70,1638625698791
12,0,98,D0:F0:18:43:F8:47,-81,1638625699294
12,0,99,D0:F0:18:43:F8:2A,-93,1638625699796
12,0,100,D0:F0:18:43:F8:36,-72,1638625700298
12,0,101,D0:F0:18:43:F8:36,-70,1638625700800
12,0,102,D0:F0:18:43:F8:47,-72,1638625701303
12,0,103,D0:F0:18:43:F8:36,-70,1638625701805
12,0,104,D0:F0:18:43:F8:36,-70,1638625702307
12,0,105,D0:F0:18:43:F8:47,-81,1638625702811
12,0,106,D0:F0:18:43:F8:36,-72,1638625703313
12,0,107,D0:F0:18:43:F8:36,-70,1638625703817
12,0,108,D0:F0:18:43:F8:47,-73,1638625704320
12,0,109,D0:F0:18:43:F8:2A,-93,1638625704822
12,0,110,D0:F0:18:43:F8:36,-71,1638625705326
12,0,111,D0:F0:18:43:F8:47,-80,1638625705830
12,0,112,D0:F0:18:43:F8:47,-81,1638625706333
12,0,113,D0:F0:18:43:F8:36,-69,1638625706835
12,0,114,D0:F0:18:43:F8:36,-71,1638625707337
12,0,115,D0:F0:18:43:F8:36,-75,1638625707839
12,0,116,D0:F0:18:43:F8:36,-72,1638625708342
12,0,117,D0:F0:18:43:F8:36,-73,1638625708844
12,0,118,D0:F0:18:43:F8:47,-78,1638625709346
12,0,119,D0:F0:18:43:F8:36,-72,1638625709848
13,0,0,D0:F0:18:43:F8:47,-76,1638625712884
13,0,1,D0:F0:18:43:F8:2A,-90,1638625713389
13,0,2,D0:F0:18:43:F8:2A,-91,1638625713892
13,0,3,D0:F0:18:43:F8:47,-76,1638625714395
13,0,4,D0:F0:18:43:F8:36,-80,1638625714897
13,0,5,D0:F0:18:43:F8:2A,-92,1638625715399
13,0,6,D0:F0:18:43:F8:2A,-88,1638625715903
13,0,7,D0:F0:18:43:F8:2A,-89,1638625716407
13,0,8,D0:F0:18:43:F8:2A,-88,1638625716909
13,0,9,D0:F0:18:43:F8:36,-73,1638625717411
13,0,10,D0:F0:18:43:F8:2A,-89,1638625717914
13,0,11,D0:F0:18:43:F8:2A,-86,1638625718416
13,0,12,D0:F0:18:43:F8:2A,-85,1638625718918
13,0,13,D0:F0:18:43:F8:47,-85,1638625719421
13,0,14,D0:F0:18:43:F8:47,-71,1638625719924
13,0,15,D0:F0:18:43:F8:2A,-89,1638625720426
13,0,16,D0:F0:18:43:F8:47,-71,1638625720930
13,0,17,D0:F0:18:43:F8:36,-81,1638625721432
13,0,18,D0:F0:18:43:F8:47,-71,1638625721934
13,0,19,D0:F0:18:43:F8:47,-82,1638625722437
13,0,20,D0:F0:18:43:F8:47,-76,1638625722939
13,0,21,D0:F0:18:43:F8:47,-82,1638625723442
13,0,22,D0:F0:18:43:F8:36,-73,1638625723945
13,0,23,D0:F0:18:43:F8:36,-83,1638625724448
13,0,24,D0:F0:18:43:F8:36,-78,1638625724951
13,0,25,D0:F0:18:43:F8:47,-72,1638625725453
13,0,26,D0:F0:18:43:F8:36,-76,1638625725956
13,0,27,D0:F0:18:43:F8:36,-74,1638625726459
13,0,28,D0:F0:18:43:F8:36,-70,1638625726963
13,0,29,D0:F0:18:43:F8:36,-70,1638625727466
13,0,30,D0:F0:18:43:F8:2A,-87,1638625727968
13,0,31,D0:F0:18:43:F8:2A,-86,1638625728470
13,0,32,D0:F0:18:43:F8:2A,-85,1638625728974
13,0,33,D0:F0:18:43:F8:47,-76,1638625729477
13,0,34,D0:F0:18:43:F8:36,-76,1638625729978
13,0,35,D0:F0:18:43:F8:36,-69,1638625730479
13,0,36,D0:F0:18:43:F8:47,-71,1638625730982
13,0,37,D0:F0:18:43:F8:36,-69,1638625731484
13,0,38,D0:F0:18:43:F8:47,-76,1638625731987
13,0,39,D0:F0:18:43:F8:36,-69,1638625732491
13,0,40,D0:F0:18:43:F8:47,-76,1638625732994
13,0,41,D0:F0:18:43:F8:36,-69,1638625733497
13,0,42,D0:F0:18:43:F8:2A,-84,1638625733999
13,0,43,D0:F0:18:43:F8:47,-76,1638625734501
13,0,44,D0:F0:18:43:F8:2A,-84,1638625735004
13,0,45,D0:F0:18:43:F8:47,-88,1638625735507
13,0,46,D0:F0:18:43:F8:47,-71,1638625736010
13,0,47,D0:F0:18:43:F8:36,-77,1638625736513
13,0,48,D0:F0:18:43:F8:47,-76,1638625737016
13,0,49,D0:F0:18:43:F8:36,-69,1638625737518
13,0,50,D0:F0:18:43:F8:36,-69,1638625738021
13,0,51,D0:F0:18:43:F8:36,-69,1638625738523
13,0,52,D0:F0:18:43:F8:36,-77,1638625739026
13,0,53,D0:F0:18:43:F8:36,-77,1638625739528
13,0,54,D0:F0:18:43:F8:36,-76,1638625740031
13,0,55,D0:F0:18:43:F8:36,-78,1638625740533
13,0,56,D0:F0:18:43:F8:47,-76,1638625741036
13,0,57,D0:F0:18:43:F8:2A,-85,1638625741539
13,0,58,D0:F0:18:43:F8:36,-77,1638625742041
13,0,59,D0:F0:18:43:F8:47,-78,1638625742544
13,0,60,D0:F0:18:43:F8:2A,-86,1638625743047
13,0,61,D0:F0:18:43:F8:47,-86,1638625743551
13,0,62,D0:F0:18:43:F8:36,-68,1638625744054
13,0,63,D0:F0:18:43:F8:47,-71,1638625744556
13,0,64,D0:F0:18:43:F8:2A,-86,1638625745058
13,0,65,D0:F0:18:43:F8:2A,-85,1638625745561
13,0,66,D0:F0:18:43:F8:47,-76,1638625746062
13,0,67,D0:F0:18:43:F8:36,-76,1638625746565
13,0,68,D0:F0:18:43:F8:47,-76,1638625747068
13,0,69,D0:F0:18:43:F8:47,-83,1638625747570
13,0,70,D0:F0:18:43:F8:36,-69,1638625748073
13,0,71,D0:F0:18:43:F8:36,-78,1638625748575
13,0,72,D0:F0:18:43:F8:2A,-90,1638625749078
13,0,73,D0:F0:18:43:F8:2A,-86,1638625749581
13,0,74,D0:F0:18:43:F8:47,-82,1638625750084
13,0,75,D0:F0:18:43:F8:47,-82,1638625750587
13,0,76,D0:F0:18:43:F8:47,-83,1638625751089
13,0,77,D0:F0:18:43:F8:36,-69,1638625751592
13,0,78,D0:F0:18:43:F8:36,-79,1638625752095
13,0,79,D0:F0:18:43:F8:2A,-90,1638625752597
13,0,80,D0:F0:18:43:F8:36,-78,1638625753099
13,0,81,D0:F0:18:43:F8:47,-76,1638625753603
13,0,82,D0:F0:18:43:F8:47,-76,1638625754106
13,0,83,D0:F0:18:43:F8:2A,-90,1638625754419
13,0,84,D0:F0:18:43:F8:47,-85,1638625755070
13,0,85,D0:F0:18:43:F8:2A,-89,1638625755572
13,0,86,D0:F0:18:43:F8:47,-77,1638625756073
13,0,87,D0:F0:18:43:F8:47,-71,1638625756576
13,0,88,D0:F0:18:43:F8:36,-69,1638625757078
13,0,89,D0:F0:18:43:F8:47,-71,1638625757580
13,0,90,D0:F0:18:43:F8:47,-71,1638625758082
13,0,91,D0:F0:18:43:F8:36,-76,1638625758584
13,0,92,D0:F0:18:43:F8:47,-71,1638625759088
13,0,93,D0:F0:18:43:F8:47,-76,1638625759590
13,0,94,D0:F0:18:43:F8:2A,-86,1638625760093
13,0,95,D0:F0:18:43:F8:2A,-86,1638625760595
13,0,96,D0:F0:18:43:F8:47,-83,1638625761097
13,0,97,D0:F0:18:43:F8:47,-71,1638625761599
13,0,98,D0:F0:18:43:F8:2A,-86,1638625762102
13,0,99,D0:F0:18:43:F8:47,-86,1638625762603
13,0,100,D0:F0:18:43:F8:47,-84,1638625763106
13,0,101,D0:F0:18:43:F8:36,-68,1638625763608
13,0,102,D0:F0:18:43:F8:47,-77,1638625764110
13,0,103,D0:F0:18:43:F8:47,-86,1638625764613
13,0,104,D0:F0:18:43:F8:2A,-88,1638625765115
13,0,105,D0:F0:18:43:F8:47,-71,1638625765617
13,0,106,D0:F0:18:43:F8:47,-85,1638625766119
13,0,107,D0:F0:18:43:F8:36,-77,1638625766621
13,0,108,D0:F0:18:43:F8:47,-83,1638625767124
13,0,109,D0:F0:18:43:F8:47,-86,1638625767628
13,0,110,D0:F0:18:43:F8:47,-77,1638625768132
13,0,111,D0:F0:18:43:F8:47,-85,1638625768635
13,0,112,D0:F0:18:43:F8:47,-71,1638625769138
13,0,113,D0:F0:18:43:F8:47,-70,1638625769641
13,0,114,D0:F0:18:43:F8:47,-78,1638625770143
13,0,115,D0:F0:18:43:F8:47,-78,1638625770647
13,0,116,D0:F0:18:43:F8:47,-83,1638625771150
13,0,117,D0:F0:18:43:F8:2A,-88,1638625771652
13,0,118,D0:F0:18:43:F8:36,-68,1638625772155
13,0,119,D0:F0:18:43:F8:36,-78,1638625772657
14,0,0,D0:F0:18:43:F8:2A,-89,1638625777210
14,0,1,D0:F0:18:43:F8:36,-74,1638625777714
14,0,2,D0:F0:18:43:F8:36,-77,1638625778217
14,0,3,D0:F0:18:43:F8:47,-89,1638625778719
14,0,4,D0:F0:18:43:F8:2A,-91,1638625779224
14,0,5,D0:F0:18:43:F8:47,-85,1638625779727
14,0,6,D0:F0:18:43:F8:36,-75,1638625780229
14,0,7,D0:F0:18:43:F8:36,-77,1638625780732
14,0,8,D0:F0:18:43:F8:47,-86,1638625781235
14,0,9,D0:F0:18:43:F8:36,-76,1638625781738
14,0,10,D0:F0:18:43:F8:2A,-84,1638625782240
14,0,11,D0:F0:18:43:F8:36,-79,1638625782743
14,0,12,D0:F0:18:43:F8:36,-75,1638625783246
14,0,13,D0:F0:18:43:F8:47,-86,1638625783749
14,0,14,D0:F0:18:43:F8:47,-84,1638625784254
14,0,15,D0:F0:18:43:F8:36,-79,1638625784756
14,0,16,D0:F0:18:43:F8:47,-84,1638625785259
14,0,17,D0:F0:18:43:F8:47,-85,1638625785762
14,0,18,D0:F0:18:43:F8:47,-85,1638625786265
14,0,19,D0:F0:18:43:F8:36,-78,1638625786768
14,0,20,D0:F0:18:43:F8:47,-85,1638625787271
14,0,21,D0:F0:18:43:F8:47,-85,1638625787773
14,0,22,D0:F0:18:43:F8:47,-85,1638625788276
14,0,23,D0:F0:18:43:F8:47,-85,1638625788779
14,0,24,D0:F0:18:43:F8:47,-85,1638625789282
14,0,25,D0:F0:18:43:F8:47,-85,1638625789785
14,0,26,D0:F0:18:43:F8:36,-77,1638625790286
14,0,27,D0:F0:18:43:F8:36,-78,1638625790788
14,0,28,D0:F0:18:43:F8:47,-85,1638625791291
14,0,29,D0:F0:18:43:F8:36,-76,1638625791792
14,0,30,D0:F0:18:43:F8:36,-75,1638625792295
14,0,31,D0:F0:18:43:F8:47,-85,1638625792798
14,0,32,D0:F0:18:43:F8:2A,-84,1638625793301
14,0,33,D0:F0:18:43:F8:47,-85,1638625793804
14,0,34,D0:F0:18:43:F8:36,-78,1638625794307
14,0,35,D0:F0:18:43:F8:47,-86,1638625794809
14,0,36,D0:F0:18:43:F8:36,-76,1638625795312
14,0,37,D0:F0:18:43:F8:36,-75,1638625795814
14,0,38,D0:F0:18:43:F8:2A,-94,1638625796316
14,0,39,D0:F0:18:43:F8:2A,-84,1638625796820
14,0,40,D0:F0:18:43:F8:36,-78,1638625797323
14,0,41,D0:F0:18:43:F8:2A,-84,1638625797825
14,0,42,D0:F0:18:43:F8:36,-75,1638625798327
14,0,43,D0:F0:18:43:F8:36,-75,1638625798829
14,0,44,D0:F0:18:43:F8:47,-84,1638625799332
14,0,45,D0:F0:18:43:F8:36,-78,1638625799835
14,0,46,D0:F0:18:43:F8:36,-75,1638625800337
14,0,47,D0:F0:18:43:F8:47,-86,1638625800840
14,0,48,D0:F0:18:43:F8:36,-75,1638625801343
14,0,49,D0:F0:18:43:F8:36,-75,1638625801845
14,0,50,D0:F0:18:43:F8:2A,-84,1638625802348
14,0,51,D0:F0:18:43:F8:36,-75,1638625802849
14,0,52,D0:F0:18:43:F8:36,-78,1638625803352
14,0,53,D0:F0:18:43:F8:2A,-84,1638625803858
14,0,54,D0:F0:18:43:F8:2A,-93,1638625804360
14,0,55,D0:F0:18:43:F8:36,-75,1638625804862
14,0,56,D0:F0:18:43:F8:36,-79,1638625805365
14,0,57,D0:F0:18:43:F8:2A,-93,1638625805867
14,0,58,D0:F0:18:43:F8:36,-79,1638625806370
14,0,59,D0:F0:18:43:F8:47,-85,1638625806871
14,0,60,D0:F0:18:43:F8:47,-84,1638625807374
14,0,61,D0:F0:18:43:F8:36,-75,1638625807877
14,0,62,D0:F0:18:43:F8:47,-83,1638625808380
14,0,63,D0:F0:18:43:F8:47,-84,1638625808882
14,0,64,D0:F0:18:43:F8:36,-79,1638625809387
14,0,65,D0:F0:18:43:F8:2A,-93,1638625809890
14,0,66,D0:F0:18:43:F8:2A,-84,1638625810393
14,0,67,D0:F0:18:43:F8:36,-79,1638625810895
14,0,68,D0:F0:18:43:F8:36,-75,1638625811399
14,0,69,D0:F0:18:43:F8:47,-84,1638625811902
14,0,70,D0:F0:18:43:F8:36,-77,1638625812404
14,0,71,D0:F0:18:43:F8:2A,-84,1638625812907
14,0,72,D0:F0:18:43:F8:2A,-84,1638625813409
14,0,73,D0:F0:18:43:F8:47,-84,1638625813911
14,0,74,D0:F0:18:43:F8:36,-75,1638625814414
14,0,75,D0:F0:18:43:F8:2A,-93,1638625814916
14,0,76,D0:F0:18:43:F8:47,-86,1638625815419
14,0,77,D0:F0:18:43:F8:36,-76,1638625815922
14,0,78,D0:F0:18:43:F8:2A,-84,1638625816424
14,0,79,D0:F0:18:43:F8:47,-85,1638625816927
14,0,80,D0:F0:18:43:F8:47,-84,1638625817429
14,0,81,D0:F0:18:43:F8:47,-83,1638625817932
14,0,82,D0:F0:18:43:F8:36,-79,1638625818433
14,0,83,D0:F0:18:43:F8:47,-86,1638625818935
14,0,84,D0:F0:18:43:F8:36,-79,1638625819439
14,0,85,D0:F0:18:43:F8:47,-85,1638625819943
14,0,86,D0:F0:18:43:F8:47,-85,1638625820445
14,0,87,D0:F0:18:43:F8:36,-75,1638625820947
14,0,88,D0:F0:18:43:F8:2A,-85,1638625821451
14,0,89,D0:F0:18:43:F8:47,-84,1638625821953
14,0,90,D0:F0:18:43:F8:36,-78,1638625822455
14,0,91,D0:F0:18:43:F8:2A,-85,1638625822960
14,0,92,D0:F0:18:43:F8:2A,-84,1638625823462
14,0,93,D0:F0:18:43:F8:47,-85,1638625823965
14,0,94,D0:F0:18:43:F8:36,-78,1638625824467
14,0,95,D0:F0:18:43:F8:2A,-94,1638625824970
14,0,96,D0:F0:18:43:F8:47,-84,1638625825473
14,0,97,D0:F0:18:43:F8:36,-78,1638625825975
14,0,98,D0:F0:18:43:F8:47,-85,1638625826479
14,0,99,D0:F0:18:43:F8:47,-84,1638625826981
14,0,100,D0:F0:18:43:F8:36,-75,1638625827484
14,0,101,D0:F0:18:43:F8:36,-78,1638625827987
14,0,102,D0:F0:18:43:F8:2A,-84,1638625828490
14,0,103,D0:F0:18:43:F8:36,-78,1638625828991
14,0,104,D0:F0:18:43:F8:36,-75,1638625829495
14,0,105,D0:F0:18:43:F8:47,-85,1638625829998
14,0,106,D0:F0:18:43:F8:36,-75,1638625830501
14,0,107,D0:F0:18:43:F8:36,-78,1638625831004
14,0,108,D0:F0:18:43:F8:36,-78,1638625831506
14,0,109,D0:F0:18:43:F8:47,-84,1638625832008
14,0,110,D0:F0:18:43:F8:36,-78,1638625832510
14,0,111,D0:F0:18:43:F8:2A,-84,1638625833013
14,0,112,D0:F0:18:43:F8:36,-75,1638625833515
14,0,113,D0:F0:18:43:F8:47,-84,1638625834018
14,0,114,D0:F0:18:43:F8:47,-84,1638625834520
14,0,115,D0:F0:18:43:F8:36,-78,1638625835022
14,0,116,D0:F0:18:43:F8:36,-78,1638625835525
14,0,117,D0:F0:18:43:F8:2A,-84,1638625836027
14,0,118,D0:F0:18:43:F8:36,-78,1638625836529
14,0,119,D0:F0:18:43:F8:36,-78,1638625837033
