0,0,0,D0:F0:18:43:F8:36,-70,1638631313978
0,0,1,D0:F0:18:43:F8:36,-77,1638631314481
0,0,2,D0:F0:18:43:F8:36,-74,1638631314984
0,0,3,D0:F0:18:43:F8:36,-69,1638631315487
0,0,4,D0:F0:18:43:F8:47,-71,1638631315990
0,0,5,D0:F0:18:43:F8:2A,-68,1638631316492
0,0,6,D0:F0:18:43:F8:36,-67,1638631316995
0,0,7,D0:F0:18:43:F8:47,-67,1638631317498
0,0,8,D0:F0:18:43:F8:47,-69,1638631318004
0,0,9,D0:F0:18:43:F8:36,-68,1638631318509
0,0,10,D0:F0:18:43:F8:36,-69,1638631319015
0,0,11,D0:F0:18:43:F8:2A,-66,1638631319521
0,0,12,D0:F0:18:43:F8:36,-71,1638631320026
0,0,13,D0:F0:18:43:F8:2A,-65,1638631320532
0,0,14,D0:F0:18:43:F8:2A,-68,1638631321038
0,0,15,D0:F0:18:43:F8:36,-67,1638631321542
0,0,16,D0:F0:18:43:F8:36,-67,1638631322047
0,0,17,D0:F0:18:43:F8:2A,-61,1638631322553
0,0,18,D0:F0:18:43:F8:36,-72,1638631323058
0,0,19,D0:F0:18:43:F8:2A,-67,1638631323563
0,0,20,D0:F0:18:43:F8:36,-70,1638631324069
0,0,21,D0:F0:18:43:F8:47,-68,1638631324574
0,0,22,D0:F0:18:43:F8:47,-72,1638631325079
0,0,23,D0:F0:18:43:F8:36,-66,1638631325585
0,0,24,D0:F0:18:43:F8:47,-68,1638631326090
0,0,25,D0:F0:18:43:F8:47,-68,1638631326594
0,0,26,D0:F0:18:43:F8:36,-69,1638631327099
0,0,27,D0:F0:18:43:F8:2A,-67,1638631327603
0,0,28,D0:F0:18:43:F8:2A,-65,1638631328108
0,0,29,D0:F0:18:43:F8:36,-68,1638631328613
0,0,30,D0:F0:18:43:F8:2A,-65,1638631329118
0,0,31,D0:F0:18:43:F8:2A,-65,1638631329623
0,0,32,D0:F0:18:43:F8:47,-68,1638631330129
0,0,33,D0:F0:18:43:F8:36,-67,1638631330634
0,0,34,D0:F0:18:43:F8:2A,-61,1638631331139
0,0,35,D0:F0:18:43:F8:47,-70,1638631331644
0,0,36,D0:F0:18:43:F8:36,-71,1638631332148
0,0,37,D0:F0:18:43:F8:2A,-66,1638631332654
0,0,38,D0:F0:18:43:F8:47,-72,1638631333159
0,0,39,D0:F0:18:43:F8:47,-71,1638631333663
0,0,40,D0:F0:18:43:F8:36,-68,1638631334168
0,0,41,D0:F0:18:43:F8:2A,-61,1638631334674
0,0,42,D0:F0:18:43:F8:47,-67,1638631335180
0,0,43,D0:F0:18:43:F8:36,-72,1638631335684
0,0,44,D0:F0:18:43:F8:36,-72,1638631336189
0,0,45,D0:F0:18:43:F8:2A,-66,1638631336695
0,0,46,D0:F0:18:43:F8:47,-68,1638631337200
0,0,47,D0:F0:18:43:F8:36,-76,1638631337705
0,0,48,D0:F0:18:43:F8:2A,-64,1638631338210
0,0,49,D0:F0:18:43:F8:47,-67,1638631338715
0,0,50,D0:F0:18:43:F8:47,-67,1638631339219
0,0,51,D0:F0:18:43:F8:2A,-66,1638631339725
0,0,52,D0:F0:18:43:F8:47,-67,1638631340231
0,0,53,D0:F0:18:43:F8:47,-66,1638631340735
0,0,54,D0:F0:18:43:F8:2A,-64,1638631341240
0,0,55,D0:F0:18:43:F8:36,-67,1638631341746
0,0,56,D0:F0:18:43:F8:47,-69,1638631342250
0,0,57,D0:F0:18:43:F8:47,-68,1638631342755
0,0,58,D0:F0:18:43:F8:36,-68,1638631343261
0,0,59,D0:F0:18:43:F8:36,-67,1638631343766
0,0,60,D0:F0:18:43:F8:36,-68,1638631344271
0,0,61,D0:F0:18:43:F8:2A,-60,1638631344776
0,0,62,D0:F0:18:43:F8:47,-70,1638631345282
0,0,63,D0:F0:18:43:F8:36,-75,1638631345787
0,0,64,D0:F0:18:43:F8:2A,-61,1638631346292
0,0,65,D0:F0:18:43:F8:47,-68,1638631346798
0,0,66,D0:F0:18:43:F8:36,-68,1638631347303
0,0,67,D0:F0:18:43:F8:36,-72,1638631347808
0,0,68,D0:F0:18:43:F8:2A,-62,1638631348310
0,0,69,D0:F0:18:43:F8:2A,-67,1638631348814
0,0,70,D0:F0:18:43:F8:47,-68,1638631349318
0,0,71,D0:F0:18:43:F8:2A,-62,1638631349822
0,0,72,D0:F0:18:43:F8:36,-72,1638631350326
0,0,73,D0:F0:18:43:F8:36,-71,1638631350830
0,0,74,D0:F0:18:43:F8:2A,-66,1638631351335
0,0,75,D0:F0:18:43:F8:2A,-65,1638631351838
0,0,76,D0:F0:18:43:F8:2A,-67,1638631352342
0,0,77,D0:F0:18:43:F8:2A,-61,1638631352847
0,0,78,D0:F0:18:43:F8:47,-68,1638631353351
0,0,79,D0:F0:18:43:F8:47,-68,1638631353855
0,0,80,D0:F0:18:43:F8:47,-69,1638631354358
0,0,81,D0:F0:18:43:F8:2A,-66,1638631354861
0,0,82,D0:F0:18:43:F8:36,-68,1638631355366
0,0,83,D0:F0:18:43:F8:47,-69,1638631355870
0,0,84,D0:F0:18:43:F8:2A,-68,1638631356374
0,0,85,D0:F0:18:43:F8:47,-72,1638631356878
0,0,86,D0:F0:18:43:F8:36,-71,1638631357382
0,0,87,D0:F0:18:43:F8:2A,-68,1638631357885
0,0,88,D0:F0:18:43:F8:36,-67,1638631358389
0,0,89,D0:F0:18:43:F8:2A,-61,1638631358894
0,0,90,D0:F0:18:43:F8:2A,-65,1638631359398
0,0,91,D0:F0:18:43:F8:47,-70,1638631359901
0,0,92,D0:F0:18:43:F8:47,-69,1638631360405
0,0,93,D0:F0:18:43:F8:2A,-68,1638631360909
0,0,94,D0:F0:18:43:F8:2A,-68,1638631361415
0,0,95,D0:F0:18:43:F8:2A,-65,1638631361919
0,0,96,D0:F0:18:43:F8:47,-69,1638631362424
0,0,97,D0:F0:18:43:F8:2A,-66,1638631362928
0,0,98,D0:F0:18:43:F8:47,-70,1638631363433
0,0,99,D0:F0:18:43:F8:47,-68,1638631363936
0,0,100,D0:F0:18:43:F8:36,-67,1638631364440
0,0,101,D0:F0:18:43:F8:2A,-65,1638631364943
0,0,102,D0:F0:18:43:F8:47,-68,1638631365448
0,0,103,D0:F0:18:43:F8:47,-71,1638631365950
0,0,104,D0:F0:18:43:F8:36,-67,1638631366454
0,0,105,D0:F0:18:43:F8:47,-68,1638631366957
0,0,106,D0:F0:18:43:F8:47,-68,1638631367462
0,0,107,D0:F0:18:43:F8:36,-66,1638631367966
0,0,108,D0:F0:18:43:F8:47,-67,1638631368469
0,0,109,D0:F0:18:43:F8:47,-71,1638631368974
0,0,110,D0:F0:18:43:F8:36,-77,1638631369477
0,0,111,D0:F0:18:43:F8:2A,-63,1638631369980
0,0,112,D0:F0:18:43:F8:47,-66,1638631370484
0,0,113,D0:F0:18:43:F8:47,-68,1638631370987
0,0,114,D0:F0:18:43:F8:36,-71,1638631371492
0,0,115,D0:F0:18:43:F8:47,-69,1638631371995
0,0,116,D0:F0:18:43:F8:36,-66,1638631372499
0,0,117,D0:F0:18:43:F8:2A,-68,1638631373004
0,0,118,D0:F0:18:43:F8:36,-65,1638631373507
0,0,119,D0:F0:18:43:F8:36,-67,1638631374010
1,0,0,D0:F0:18:43:F8:36,-68,1638631377544
1,0,1,D0:F0:18:43:F8:47,-71,1638631378051
1,0,2,D0:F0:18:43:F8:2A,-66,1638631378556
1,0,3,D0:F0:18:43:F8:36,-67,1638631379059
1,0,4,D0:F0:18:43:F8:47,-78,1638631379563
1,0,5,D0:F0:18:43:F8:2A,-68,1638631380068
1,0,6,D0:F0:18:43:F8:36,-70,1638631380571
1,0,7,D0:F0:18:43:F8:36,-69,1638631381074
1,0,8,D0:F0:18:43:F8:2A,-65,1638631381578
1,0,9,D0:F0:18:43:F8:2A,-77,1638631382081
1,0,10,D0:F0:18:43:F8:36,-67,1638631382584
1,0,11,D0:F0:18:43:F8:47,-76,1638631383088
1,0,12,D0:F0:18:43:F8:2A,-62,1638631383590
1,0,13,D0:F0:18:43:F8:36,-68,1638631384093
1,0,14,D0:F0:18:43:F8:36,-67,1638631384596
1,0,15,D0:F0:18:43:F8:2A,-62,1638631385100
1,0,16,D0:F0:18:43:F8:36,-66,1638631385603
1,0,17,D0:F0:18:43:F8:36,-66,1638631386106
1,0,18,D0:F0:18:43:F8:2A,-68,1638631386609
1,0,19,D0:F0:18:43:F8:36,-64,1638631387111
1,0,20,D0:F0:18:43:F8:36,-65,1638631387614
1,0,21,D0:F0:18:43:F8:47,-74,1638631388116
1,0,22,D0:F0:18:43:F8:2A,-70,1638631388621
1,0,23,D0:F0:18:43:F8:36,-64,1638631389124
1,0,24,D0:F0:18:43:F8:2A,-70,1638631389628
1,0,25,D0:F0:18:43:F8:47,-81,1638631390131
1,0,26,D0:F0:18:43:F8:36,-68,1638631390634
1,0,27,D0:F0:18:43:F8:47,-72,1638631391138
1,0,28,D0:F0:18:43:F8:47,-76,1638631391640
1,0,29,D0:F0:18:43:F8:2A,-70,1638631392144
1,0,30,D0:F0:18:43:F8:47,-83,1638631392647
1,0,31,D0:F0:18:43:F8:47,-77,1638631393151
1,0,32,D0:F0:18:43:F8:2A,-61,1638631393654
1,0,33,D0:F0:18:43:F8:36,-70,1638631394157
1,0,34,D0:F0:18:43:F8:36,-66,1638631394660
1,0,35,D0:F0:18:43:F8:36,-64,1638631395164
1,0,36,D0:F0:18:43:F8:36,-66,1638631395669
1,0,37,D0:F0:18:43:F8:47,-68,1638631396171
1,0,38,D0:F0:18:43:F8:47,-69,1638631396674
1,0,39,D0:F0:18:43:F8:2A,-66,1638631397177
1,0,40,D0:F0:18:43:F8:2A,-63,1638631397680
1,0,41,D0:F0:18:43:F8:2A,-68,1638631398184
1,0,42,D0:F0:18:43:F8:2A,-63,1638631398688
1,0,43,D0:F0:18:43:F8:36,-65,1638631399190
1,0,44,D0:F0:18:43:F8:2A,-62,1638631399696
1,0,45,D0:F0:18:43:F8:36,-69,1638631400200
1,0,46,D0:F0:18:43:F8:36,-70,1638631400704
1,0,47,D0:F0:18:43:F8:2A,-64,1638631401207
1,0,48,D0:F0:18:43:F8:2A,-64,1638631401711
1,0,49,D0:F0:18:43:F8:2A,-69,1638631402213
1,0,50,D0:F0:18:43:F8:36,-69,1638631402717
1,0,51,D0:F0:18:43:F8:2A,-68,1638631403220
1,0,52,D0:F0:18:43:F8:36,-66,1638631403723
1,0,53,D0:F0:18:43:F8:47,-69,1638631404226
1,0,54,D0:F0:18:43:F8:2A,-64,1638631404730
1,0,55,D0:F0:18:43:F8:36,-69,1638631405233
1,0,56,D0:F0:18:43:F8:36,-66,1638631405736
1,0,57,D0:F0:18:43:F8:36,-69,1638631406239
1,0,58,D0:F0:18:43:F8:36,-70,1638631406742
1,0,59,D0:F0:18:43:F8:47,-79,1638631407246
1,0,60,D0:F0:18:43:F8:36,-65,1638631407750
1,0,61,D0:F0:18:43:F8:36,-68,1638631408253
1,0,62,D0:F0:18:43:F8:36,-68,1638631408757
1,0,63,D0:F0:18:43:F8:47,-81,1638631409260
1,0,64,D0:F0:18:43:F8:2A,-69,1638631409763
1,0,65,D0:F0:18:43:F8:47,-79,1638631410267
1,0,66,D0:F0:18:43:F8:47,-75,1638631410770
1,0,67,D0:F0:18:43:F8:2A,-64,1638631411274
1,0,68,D0:F0:18:43:F8:47,-70,1638631411776
1,0,69,D0:F0:18:43:F8:36,-69,1638631412280
1,0,70,D0:F0:18:43:F8:47,-77,1638631412783
1,0,71,D0:F0:18:43:F8:36,-64,1638631413287
1,0,72,D0:F0:18:43:F8:47,-71,1638631413789
1,0,73,D0:F0:18:43:F8:47,-72,1638631414293
1,0,74,D0:F0:18:43:F8:36,-69,1638631414796
1,0,75,D0:F0:18:43:F8:2A,-62,1638631415299
1,0,76,D0:F0:18:43:F8:47,-80,1638631415803
1,0,77,D0:F0:18:43:F8:47,-75,1638631416306
1,0,78,D0:F0:18:43:F8:36,-68,1638631416809
1,0,79,D0:F0:18:43:F8:36,-68,1638631417312
1,0,80,D0:F0:18:43:F8:47,-74,1638631417816
1,0,81,D0:F0:18:43:F8:36,-70,1638631418320
1,0,82,D0:F0:18:43:F8:36,-68,1638631418823
1,0,83,D0:F0:18:43:F8:2A,-62,1638631419326
1,0,84,D0:F0:18:43:F8:2A,-68,1638631419829
1,0,85,D0:F0:18:43:F8:36,-71,1638631420333
1,0,86,D0:F0:18:43:F8:2A,-68,1638631420836
1,0,87,D0:F0:18:43:F8:36,-70,1638631421339
1,0,88,D0:F0:18:43:F8:2A,-62,1638631421842
1,0,89,D0:F0:18:43:F8:47,-82,1638631422345
1,0,90,D0:F0:18:43:F8:47,-75,1638631422848
1,0,91,D0:F0:18:43:F8:2A,-68,1638631423351
1,0,92,D0:F0:18:43:F8:2A,-67,1638631423855
1,0,93,D0:F0:18:43:F8:47,-81,1638631424358
1,0,94,D0:F0:18:43:F8:36,-67,1638631424861
1,0,95,D0:F0:18:43:F8:36,-67,1638631425363
1,0,96,D0:F0:18:43:F8:2A,-62,1638631425866
1,0,97,D0:F0:18:43:F8:36,-71,1638631426369
1,0,98,D0:F0:18:43:F8:2A,-62,1638631426872
1,0,99,D0:F0:18:43:F8:36,-68,1638631427374
1,0,100,D0:F0:18:43:F8:47,-78,1638631427877
1,0,101,D0:F0:18:43:F8:2A,-68,1638631428380
1,0,102,D0:F0:18:43:F8:36,-67,1638631428883
1,0,103,D0:F0:18:43:F8:36,-70,1638631429386
1,0,104,D0:F0:18:43:F8:2A,-68,1638631429889
1,0,105,D0:F0:18:43:F8:47,-68,1638631430392
1,0,106,D0:F0:18:43:F8:47,-69,1638631430897
1,0,107,D0:F0:18:43:F8:36,-71,1638631431400
1,0,108,D0:F0:18:43:F8:2A,-68,1638631431903
1,0,109,D0:F0:18:43:F8:47,-69,1638631432408
1,0,110,D0:F0:18:43:F8:47,-81,1638631432912
1,0,111,D0:F0:18:43:F8:2A,-66,1638631433415
1,0,112,D0:F0:18:43:F8:47,-73,1638631433918
1,0,113,D0:F0:18:43:F8:47,-68,1638631434421
1,0,114,D0:F0:18:43:F8:47,-67,1638631434925
1,0,115,D0:F0:18:43:F8:2A,-62,1638631435428
1,0,116,D0:F0:18:43:F8:2A,-62,1638631435931
1,0,117,D0:F0:18:43:F8:2A,-63,1638631436435
1,0,118,D0:F0:18:43:F8:2A,-67,1638631436938
1,0,119,D0:F0:18:43:F8:2A,-67,1638631437442
2,0,0,D0:F0:18:43:F8:36,-68,1638631440989
2,0,1,D0:F0:18:43:F8:2A,-71,1638631441493
2,0,2,D0:F0:18:43:F8:2A,-64,1638631441995
2,0,3,D0:F0:18:43:F8:36,-67,1638631442499
2,0,4,D0:F0:18:43:F8:2A,-63,1638631443002
2,0,5,D0:F0:18:43:F8:36,-73,1638631443505
2,0,6,D0:F0:18:43:F8:2A,-62,1638631444008
2,0,7,D0:F0:18:43:F8:36,-76,1638631444511
2,0,8,D0:F0:18:43:F8:2A,-65,1638631445017
2,0,9,D0:F0:18:43:F8:2A,-78,1638631445520
2,0,10,D0:F0:18:43:F8:2A,-77,1638631446024
2,0,11,D0:F0:18:43:F8:36,-78,1638631446527
2,0,12,D0:F0:18:43:F8:2A,-79,1638631447029
2,0,13,D0:F0:18:43:F8:2A,-81,1638631447533
2,0,14,D0:F0:18:43:F8:36,-63,1638631448035
2,0,15,D0:F0:18:43:F8:2A,-65,1638631448539
2,0,16,D0:F0:18:43:F8:2A,-74,1638631449041
2,0,17,D0:F0:18:43:F8:36,-65,1638631449544
2,0,18,D0:F0:18:43:F8:2A,-66,1638631450047
2,0,19,D0:F0:18:43:F8:2A,-74,1638631450550
2,0,20,D0:F0:18:43:F8:36,-63,1638631451054
2,0,21,D0:F0:18:43:F8:47,-68,1638631451558
2,0,22,D0:F0:18:43:F8:2A,-65,1638631452060
2,0,23,D0:F0:18:43:F8:47,-71,1638631452563
2,0,24,D0:F0:18:43:F8:47,-69,1638631453067
2,0,25,D0:F0:18:43:F8:2A,-67,1638631453570
2,0,26,D0:F0:18:43:F8:2A,-69,1638631454074
2,0,27,D0:F0:18:43:F8:47,-71,1638631454577
2,0,28,D0:F0:18:43:F8:47,-73,1638631455079
2,0,29,D0:F0:18:43:F8:2A,-72,1638631455583
2,0,30,D0:F0:18:43:F8:2A,-64,1638631456085
2,0,31,D0:F0:18:43:F8:2A,-64,1638631456588
2,0,32,D0:F0:18:43:F8:2A,-68,1638631457091
2,0,33,D0:F0:18:43:F8:2A,-67,1638631457594
2,0,34,D0:F0:18:43:F8:2A,-69,1638631458097
2,0,35,D0:F0:18:43:F8:2A,-70,1638631458599
2,0,36,D0:F0:18:43:F8:36,-78,1638631459101
2,0,37,D0:F0:18:43:F8:47,-69,1638631459604
2,0,38,D0:F0:18:43:F8:2A,-70,1638631460107
2,0,39,D0:F0:18:43:F8:47,-80,1638631460610
2,0,40,D0:F0:18:43:F8:47,-71,1638631461113
2,0,41,D0:F0:18:43:F8:36,-76,1638631461615
2,0,42,D0:F0:18:43:F8:36,-78,1638631462118
2,0,43,D0:F0:18:43:F8:36,-76,1638631462622
2,0,44,D0:F0:18:43:F8:36,-67,1638631463125
2,0,45,D0:F0:18:43:F8:2A,-65,1638631463628
2,0,46,D0:F0:18:43:F8:36,-66,1638631464132
2,0,47,D0:F0:18:43:F8:2A,-65,1638631464636
2,0,48,D0:F0:18:43:F8:47,-76,1638631465139
2,0,49,D0:F0:18:43:F8:36,-75,1638631465643
2,0,50,D0:F0:18:43:F8:36,-76,1638631466146
2,0,51,D0:F0:18:43:F8:36,-65,1638631466650
2,0,52,D0:F0:18:43:F8:36,-78,1638631467153
2,0,53,D0:F0:18:43:F8:2A,-66,1638631467656
2,0,54,D0:F0:18:43:F8:36,-77,1638631468159
2,0,55,D0:F0:18:43:F8:47,-71,1638631468663
2,0,56,D0:F0:18:43:F8:36,-73,1638631469166
2,0,57,D0:F0:18:43:F8:2A,-67,1638631469669
2,0,58,D0:F0:18:43:F8:36,-75,1638631470172
2,0,59,D0:F0:18:43:F8:36,-66,1638631470675
2,0,60,D0:F0:18:43:F8:2A,-66,1638631471178
2,0,61,D0:F0:18:43:F8:2A,-63,1638631471681
2,0,62,D0:F0:18:43:F8:2A,-69,1638631472185
2,0,63,D0:F0:18:43:F8:2A,-69,1638631472689
2,0,64,D0:F0:18:43:F8:47,-67,1638631473192
2,0,65,D0:F0:18:43:F8:2A,-64,1638631473696
2,0,66,D0:F0:18:43:F8:2A,-66,1638631474199
2,0,67,D0:F0:18:43:F8:47,-80,1638631474703
2,0,68,D0:F0:18:43:F8:2A,-63,1638631475207
2,0,69,D0:F0:18:43:F8:2A,-68,1638631475710
2,0,70,D0:F0:18:43:F8:2A,-70,1638631476213
2,0,71,D0:F0:18:43:F8:2A,-68,1638631476717
2,0,72,D0:F0:18:43:F8:47,-70,1638631477221
2,0,73,D0:F0:18:43:F8:2A,-65,1638631477724
2,0,74,D0:F0:18:43:F8:2A,-66,1638631478228
2,0,75,D0:F0:18:43:F8:2A,-64,1638631478732
2,0,76,D0:F0:18:43:F8:2A,-65,1638631479236
2,0,77,D0:F0:18:43:F8:36,-79,1638631479740
2,0,78,D0:F0:18:43:F8:2A,-71,1638631480244
2,0,79,D0:F0:18:43:F8:2A,-70,1638631480747
2,0,80,D0:F0:18:43:F8:36,-67,1638631481250
2,0,81,D0:F0:18:43:F8:36,-66,1638631481754
2,0,82,D0:F0:18:43:F8:36,-66,1638631482256
2,0,83,D0:F0:18:43:F8:2A,-64,1638631482759
2,0,84,D0:F0:18:43:F8:36,-65,1638631483262
2,0,85,D0:F0:18:43:F8:2A,-64,1638631483767
2,0,86,D0:F0:18:43:F8:2A,-64,1638631484299
2,0,87,D0:F0:18:43:F8:36,-75,1638631484802
2,0,88,D0:F0:18:43:F8:2A,-71,1638631485306
2,0,89,D0:F0:18:43:F8:36,-77,1638631485809
2,0,90,D0:F0:18:43:F8:2A,-65,1638631486311
2,0,91,D0:F0:18:43:F8:47,-70,1638631486814
2,0,92,D0:F0:18:43:F8:2A,-64,1638631487318
2,0,93,D0:F0:18:43:F8:47,-71,1638631487821
2,0,94,D0:F0:18:43:F8:36,-80,1638631488324
2,0,95,D0:F0:18:43:F8:36,-66,1638631488828
2,0,96,D0:F0:18:43:F8:2A,-71,1638631489331
2,0,97,D0:F0:18:43:F8:36,-80,1638631489835
2,0,98,D0:F0:18:43:F8:2A,-70,1638631490339
2,0,99,D0:F0:18:43:F8:36,-80,1638631490842
2,0,100,D0:F0:18:43:F8:36,-79,1638631491345
2,0,101,D0:F0:18:43:F8:36,-78,1638631491849
2,0,102,D0:F0:18:43:F8:2A,-68,1638631492352
2,0,103,D0:F0:18:43:F8:47,-67,1638631492854
2,0,104,D0:F0:18:43:F8:36,-68,1638631493356
2,0,105,D0:F0:18:43:F8:2A,-68,1638631493859
2,0,106,D0:F0:18:43:F8:2A,-72,1638631494364
2,0,107,D0:F0:18:43:F8:2A,-73,1638631494867
2,0,108,D0:F0:18:43:F8:2A,-72,1638631495370
2,0,109,D0:F0:18:43:F8:2A,-68,1638631495873
2,0,110,D0:F0:18:43:F8:36,-68,1638631496377
2,0,111,D0:F0:18:43:F8:36,-69,1638631496879
2,0,112,D0:F0:18:43:F8:2A,-66,1638631497382
2,0,113,D0:F0:18:43:F8:36,-76,1638631497885
2,0,114,D0:F0:18:43:F8:36,-75,1638631498389
2,0,115,D0:F0:18:43:F8:47,-70,1638631498893
2,0,116,D0:F0:18:43:F8:36,-67,1638631499398
2,0,117,D0:F0:18:43:F8:36,-77,1638631499902
2,0,118,D0:F0:18:43:F8:47,-68,1638631500406
2,0,119,D0:F0:18:43:F8:47,-67,1638631500909
3,0,0,D0:F0:18:43:F8:47,-76,1638631504450
3,0,1,D0:F0:18:43:F8:36,-73,1638631504954
3,0,2,D0:F0:18:43:F8:47,-77,1638631505459
3,0,3,D0:F0:18:43:F8:2A,-71,1638631505962
3,0,4,D0:F0:18:43:F8:2A,-73,1638631506465
3,0,5,D0:F0:18:43:F8:36,-79,1638631506968
3,0,6,D0:F0:18:43:F8:36,-77,1638631507471
3,0,7,D0:F0:18:43:F8:2A,-71,1638631507974
3,0,8,D0:F0:18:43:F8:47,-77,1638631508476
3,0,9,D0:F0:18:43:F8:47,-77,1638631508980
3,0,10,D0:F0:18:43:F8:47,-74,1638631509484
3,0,11,D0:F0:18:43:F8:47,-77,1638631509987
3,0,12,D0:F0:18:43:F8:2A,-71,1638631510490
3,0,13,D0:F0:18:43:F8:47,-75,1638631510993
3,0,14,D0:F0:18:43:F8:2A,-67,1638631511496
3,0,15,D0:F0:18:43:F8:36,-74,1638631511999
3,0,16,D0:F0:18:43:F8:2A,-73,1638631512502
3,0,17,D0:F0:18:43:F8:2A,-68,1638631513005
3,0,18,D0:F0:18:43:F8:47,-76,1638631513508
3,0,19,D0:F0:18:43:F8:36,-75,1638631514011
3,0,20,D0:F0:18:43:F8:47,-76,1638631514514
3,0,21,D0:F0:18:43:F8:2A,-71,1638631515017
3,0,22,D0:F0:18:43:F8:2A,-69,1638631515520
3,0,23,D0:F0:18:43:F8:2A,-69,1638631516023
3,0,24,D0:F0:18:43:F8:47,-75,1638631516526
3,0,25,D0:F0:18:43:F8:47,-72,1638631517029
3,0,26,D0:F0:18:43:F8:2A,-75,1638631517531
3,0,27,D0:F0:18:43:F8:2A,-74,1638631518033
3,0,28,D0:F0:18:43:F8:2A,-70,1638631518535
3,0,29,D0:F0:18:43:F8:47,-76,1638631519038
3,0,30,D0:F0:18:43:F8:47,-74,1638631519540
3,0,31,D0:F0:18:43:F8:2A,-73,1638631520044
3,0,32,D0:F0:18:43:F8:47,-74,1638631520547
3,0,33,D0:F0:18:43:F8:47,-73,1638631521050
3,0,34,D0:F0:18:43:F8:2A,-74,1638631521553
3,0,35,D0:F0:18:43:F8:2A,-70,1638631522055
3,0,36,D0:F0:18:43:F8:2A,-70,1638631522559
3,0,37,D0:F0:18:43:F8:2A,-67,1638631523062
3,0,38,D0:F0:18:43:F8:2A,-66,1638631523565
3,0,39,D0:F0:18:43:F8:2A,-67,1638631524068
3,0,40,D0:F0:18:43:F8:47,-74,1638631524571
3,0,41,D0:F0:18:43:F8:2A,-71,1638631525072
3,0,42,D0:F0:18:43:F8:2A,-74,1638631525576
3,0,43,D0:F0:18:43:F8:2A,-70,1638631526078
3,0,44,D0:F0:18:43:F8:2A,-68,1638631526581
3,0,45,D0:F0:18:43:F8:2A,-68,1638631527084
3,0,46,D0:F0:18:43:F8:47,-74,1638631527586
3,0,47,D0:F0:18:43:F8:2A,-74,1638631528089
3,0,48,D0:F0:18:43:F8:47,-77,1638631528591
3,0,49,D0:F0:18:43:F8:2A,-67,1638631529095
3,0,50,D0:F0:18:43:F8:36,-71,1638631529598
3,0,51,D0:F0:18:43:F8:2A,-75,1638631530102
3,0,52,D0:F0:18:43:F8:2A,-68,1638631530606
3,0,53,D0:F0:18:43:F8:2A,-73,1638631531109
3,0,54,D0:F0:18:43:F8:2A,-68,1638631531612
3,0,55,D0:F0:18:43:F8:47,-76,1638631532115
3,0,56,D0:F0:18:43:F8:2A,-73,1638631532618
3,0,57,D0:F0:18:43:F8:2A,-73,1638631533121
3,0,58,D0:F0:18:43:F8:2A,-69,1638631533624
3,0,59,D0:F0:18:43:F8:47,-77,1638631534127
3,0,60,D0:F0:18:43:F8:2A,-69,1638631534629
3,0,61,D0:F0:18:43:F8:2A,-69,1638631535133
3,0,62,D0:F0:18:43:F8:47,-74,1638631535636
3,0,63,D0:F0:18:43:F8:2A,-74,1638631536139
3,0,64,D0:F0:18:43:F8:2A,-71,1638631536642
3,0,65,D0:F0:18:43:F8:2A,-72,1638631537144
3,0,66,D0:F0:18:43:F8:2A,-66,1638631537646
3,0,67,D0:F0:18:43:F8:2A,-70,1638631538149
3,0,68,D0:F0:18:43:F8:2A,-73,1638631538651
3,0,69,D0:F0:18:43:F8:36,-71,1638631539154
3,0,70,D0:F0:18:43:F8:36,-75,1638631539657
3,0,71,D0:F0:18:43:F8:47,-72,1638631540160
3,0,72,D0:F0:18:43:F8:2A,-76,1638631540663
3,0,73,D0:F0:18:43:F8:2A,-73,1638631541167
3,0,74,D0:F0:18:43:F8:47,-78,1638631541670
3,0,75,D0:F0:18:43:F8:2A,-68,1638631542173
3,0,76,D0:F0:18:43:F8:36,-72,1638631542675
3,0,77,D0:F0:18:43:F8:47,-75,1638631543179
3,0,78,D0:F0:18:43:F8:47,-74,1638631543682
3,0,79,D0:F0:18:43:F8:47,-71,1638631544184
3,0,80,D0:F0:18:43:F8:36,-71,1638631544687
3,0,81,D0:F0:18:43:F8:47,-74,1638631545190
3,0,82,D0:F0:18:43:F8:36,-78,1638631545694
3,0,83,D0:F0:18:43:F8:36,-78,1638631546196
3,0,84,D0:F0:18:43:F8:47,-71,1638631546700
3,0,85,D0:F0:18:43:F8:36,-76,1638631547203
3,0,86,D0:F0:18:43:F8:36,-76,1638631547705
3,0,87,D0:F0:18:43:F8:47,-73,1638631548209
3,0,88,D0:F0:18:43:F8:36,-77,1638631548711
3,0,89,D0:F0:18:43:F8:47,-71,1638631549214
3,0,90,D0:F0:18:43:F8:47,-74,1638631549717
3,0,91,D0:F0:18:43:F8:36,-73,1638631550220
3,0,92,D0:F0:18:43:F8:36,-74,1638631550724
3,0,93,D0:F0:18:43:F8:36,-77,1638631551227
3,0,94,D0:F0:18:43:F8:2A,-68,1638631551729
3,0,95,D0:F0:18:43:F8:2A,-69,1638631552232
3,0,96,D0:F0:18:43:F8:36,-74,1638631552735
3,0,97,D0:F0:18:43:F8:2A,-75,1638631553239
3,0,98,D0:F0:18:43:F8:47,-75,1638631553742
3,0,99,D0:F0:18:43:F8:47,-71,1638631554245
3,0,100,D0:F0:18:43:F8:47,-74,1638631554747
3,0,101,D0:F0:18:43:F8:2A,-74,1638631555249
3,0,102,D0:F0:18:43:F8:47,-71,1638631555753
3,0,103,D0:F0:18:43:F8:47,-73,1638631556255
3,0,104,D0:F0:18:43:F8:2A,-69,1638631556759
3,0,105,D0:F0:18:43:F8:2A,-68,1638631557262
3,0,106,D0:F0:18:43:F8:47,-74,1638631557766
3,0,107,D0:F0:18:43:F8:2A,-68,1638631558267
3,0,108,D0:F0:18:43:F8:2A,-70,1638631558770
3,0,109,D0:F0:18:43:F8:47,-73,1638631559271
3,0,110,D0:F0:18:43:F8:2A,-69,1638631559774
3,0,111,D0:F0:18:43:F8:2A,-72,1638631560276
3,0,112,D0:F0:18:43:F8:47,-72,1638631560780
3,0,113,D0:F0:18:43:F8:36,-77,1638631561284
3,0,114,D0:F0:18:43:F8:2A,-75,1638631561786
3,0,115,D0:F0:18:43:F8:2A,-68,1638631562290
3,0,116,D0:F0:18:43:F8:2A,-71,1638631562795
3,0,117,D0:F0:18:43:F8:47,-71,1638631563298
3,0,118,D0:F0:18:43:F8:47,-71,1638631563802
3,0,119,D0:F0:18:43:F8:47,-73,1638631564334
4,0,0,D0:F0:18:43:F8:36,-75,1638631568366
4,0,1,D0:F0:18:43:F8:36,-73,1638631568870
4,0,2,D0:F0:18:43:F8:2A,-74,1638631569372
4,0,3,D0:F0:18:43:F8:36,-73,1638631569876
4,0,4,D0:F0:18:43:F8:36,-72,1638631570379
4,0,5,D0:F0:18:43:F8:36,-71,1638631570880
4,0,6,D0:F0:18:43:F8:2A,-76,1638631571384
4,0,7,D0:F0:18:43:F8:2A,-78,1638631571886
4,0,8,D0:F0:18:43:F8:2A,-72,1638631572390
4,0,9,D0:F0:18:43:F8:47,-70,1638631572893
4,0,10,D0:F0:18:43:F8:36,-68,1638631573396
4,0,11,D0:F0:18:43:F8:2A,-65,1638631573899
4,0,12,D0:F0:18:43:F8:47,-68,1638631574402
4,0,13,D0:F0:18:43:F8:36,-74,1638631574906
4,0,14,D0:F0:18:43:F8:36,-77,1638631575409
4,0,15,D0:F0:18:43:F8:47,-69,1638631575911
4,0,16,D0:F0:18:43:F8:2A,-73,1638631576413
4,0,17,D0:F0:18:43:F8:2A,-74,1638631576915
4,0,18,D0:F0:18:43:F8:47,-71,1638631577416
4,0,19,D0:F0:18:43:F8:2A,-64,1638631577919
4,0,20,D0:F0:18:43:F8:2A,-64,1638631578421
4,0,21,D0:F0:18:43:F8:47,-70,1638631578924
4,0,22,D0:F0:18:43:F8:36,-72,1638631579428
4,0,23,D0:F0:18:43:F8:2A,-73,1638631579932
4,0,24,D0:F0:18:43:F8:36,-69,1638631580435
4,0,25,D0:F0:18:43:F8:2A,-72,1638631580938
4,0,26,D0:F0:18:43:F8:36,-71,1638631581441
4,0,27,D0:F0:18:43:F8:47,-72,1638631581944
4,0,28,D0:F0:18:43:F8:47,-69,1638631582448
4,0,29,D0:F0:18:43:F8:47,-69,1638631582951
4,0,30,D0:F0:18:43:F8:2A,-65,1638631583453
4,0,31,D0:F0:18:43:F8:47,-69,1638631583956
4,0,32,D0:F0:18:43:F8:36,-71,1638631584459
4,0,33,D0:F0:18:43:F8:2A,-74,1638631584962
4,0,34,D0:F0:18:43:F8:47,-71,1638631585464
4,0,35,D0:F0:18:43:F8:36,-72,1638631585968
4,0,36,D0:F0:18:43:F8:2A,-71,1638631586470
4,0,37,D0:F0:18:43:F8:47,-70,1638631586972
4,0,38,D0:F0:18:43:F8:47,-71,1638631587474
4,0,39,D0:F0:18:43:F8:2A,-67,1638631587977
4,0,40,D0:F0:18:43:F8:47,-72,1638631588480
4,0,41,D0:F0:18:43:F8:36,-70,1638631588983
4,0,42,D0:F0:18:43:F8:47,-70,1638631589487
4,0,43,D0:F0:18:43:F8:36,-74,1638631589989
4,0,44,D0:F0:18:43:F8:2A,-72,1638631590492
4,0,45,D0:F0:18:43:F8:36,-73,1638631590996
4,0,46,D0:F0:18:43:F8:2A,-68,1638631591499
4,0,47,D0:F0:18:43:F8:36,-72,1638631592001
4,0,48,D0:F0:18:43:F8:36,-69,1638631592504
4,0,49,D0:F0:18:43:F8:2A,-66,1638631593007
4,0,50,D0:F0:18:43:F8:36,-71,1638631593512
4,0,51,D0:F0:18:43:F8:36,-71,1638631594014
4,0,52,D0:F0:18:43:F8:2A,-75,1638631594518
4,0,53,D0:F0:18:43:F8:36,-68,1638631595020
4,0,54,D0:F0:18:43:F8:36,-70,1638631595523
4,0,55,D0:F0:18:43:F8:2A,-65,1638631596026
4,0,56,D0:F0:18:43:F8:2A,-64,1638631596529
4,0,57,D0:F0:18:43:F8:36,-72,1638631597032
4,0,58,D0:F0:18:43:F8:36,-69,1638631597534
4,0,59,D0:F0:18:43:F8:47,-69,1638631598037
4,0,60,D0:F0:18:43:F8:36,-71,1638631598539
4,0,61,D0:F0:18:43:F8:47,-68,1638631599042
4,0,62,D0:F0:18:43:F8:2A,-64,1638631599545
4,0,63,D0:F0:18:43:F8:47,-68,1638631600048
4,0,64,D0:F0:18:43:F8:2A,-75,1638631600550
4,0,65,D0:F0:18:43:F8:2A,-76,1638631601053
4,0,66,D0:F0:18:43:F8:36,-69,1638631601556
4,0,67,D0:F0:18:43:F8:36,-67,1638631602059
4,0,68,D0:F0:18:43:F8:36,-68,1638631602562
4,0,69,D0:F0:18:43:F8:2A,-64,1638631603065
4,0,70,D0:F0:18:43:F8:2A,-76,1638631603568
4,0,71,D0:F0:18:43:F8:47,-70,1638631604071
4,0,72,D0:F0:18:43:F8:36,-72,1638631604574
4,0,73,D0:F0:18:43:F8:36,-69,1638631605077
4,0,74,D0:F0:18:43:F8:2A,-64,1638631605579
4,0,75,D0:F0:18:43:F8:36,-73,1638631606083
4,0,76,D0:F0:18:43:F8:47,-68,1638631606585
4,0,77,D0:F0:18:43:F8:2A,-75,1638631607088
4,0,78,D0:F0:18:43:F8:2A,-64,1638631607591
4,0,79,D0:F0:18:43:F8:47,-70,1638631608094
4,0,80,D0:F0:18:43:F8:47,-69,1638631608596
4,0,81,D0:F0:18:43:F8:36,-69,1638631609100
4,0,82,D0:F0:18:43:F8:36,-71,1638631609603
4,0,83,D0:F0:18:43:F8:2A,-64,1638631610104
4,0,84,D0:F0:18:43:F8:2A,-65,1638631610608
4,0,85,D0:F0:18:43:F8:36,-72,1638631611110
4,0,86,D0:F0:18:43:F8:2A,-71,1638631611482
4,0,87,D0:F0:18:43:F8:2A,-73,1638631612169
4,0,88,D0:F0:18:43:F8:47,-70,1638631612672
4,0,89,D0:F0:18:43:F8:2A,-74,1638631613174
4,0,90,D0:F0:18:43:F8:47,-69,1638631613676
4,0,91,D0:F0:18:43:F8:2A,-66,1638631614178
4,0,92,D0:F0:18:43:F8:2A,-72,1638631614680
4,0,93,D0:F0:18:43:F8:47,-70,1638631615182
4,0,94,D0:F0:18:43:F8:2A,-72,1638631615684
4,0,95,D0:F0:18:43:F8:2A,-69,1638631616186
4,0,96,D0:F0:18:43:F8:36,-69,1638631616688
4,0,97,D0:F0:18:43:F8:2A,-65,1638631617189
4,0,98,D0:F0:18:43:F8:36,-71,1638631617691
4,0,99,D0:F0:18:43:F8:2A,-66,1638631618193
4,0,100,D0:F0:18:43:F8:2A,-72,1638631618695
4,0,101,D0:F0:18:43:F8:47,-70,1638631619197
4,0,102,D0:F0:18:43:F8:47,-73,1638631619699
4,0,103,D0:F0:18:43:F8:2A,-77,1638631620201
4,0,104,D0:F0:18:43:F8:36,-68,1638631620704
4,0,105,D0:F0:18:43:F8:36,-71,1638631621207
4,0,106,D0:F0:18:43:F8:47,-69,1638631621710
4,0,107,D0:F0:18:43:F8:2A,-79,1638631622213
4,0,108,D0:F0:18:43:F8:36,-72,1638631622714
4,0,109,D0:F0:18:43:F8:47,-69,1638631623216
4,0,110,D0:F0:18:43:F8:47,-70,1638631623721
4,0,111,D0:F0:18:43:F8:47,-72,1638631624223
4,0,112,D0:F0:18:43:F8:36,-69,1638631624725
4,0,113,D0:F0:18:43:F8:47,-68,1638631625227
4,0,114,D0:F0:18:43:F8:2A,-77,1638631625731
4,0,115,D0:F0:18:43:F8:2A,-73,1638631626233
4,0,116,D0:F0:18:43:F8:36,-71,1638631626736
4,0,117,D0:F0:18:43:F8:47,-74,1638631627237
4,0,118,D0:F0:18:43:F8:36,-66,1638631627740
4,0,119,D0:F0:18:43:F8:47,-70,1638631628244
5,0,0,D0:F0:18:43:F8:36,-70,1638631636826
5,0,1,D0:F0:18:43:F8:47,-73,1638631637331
5,0,2,D0:F0:18:43:F8:47,-77,1638631637834
5,0,3,D0:F0:18:43:F8:36,-72,1638631638335
5,0,4,D0:F0:18:43:F8:47,-77,1638631638838
5,0,5,D0:F0:18:43:F8:2A,-62,1638631639339
5,0,6,D0:F0:18:43:F8:36,-81,1638631639842
5,0,7,D0:F0:18:43:F8:2A,-64,1638631640345
5,0,8,D0:F0:18:43:F8:47,-75,1638631640847
5,0,9,D0:F0:18:43:F8:36,-73,1638631641350
5,0,10,D0:F0:18:43:F8:2A,-62,1638631641852
5,0,11,D0:F0:18:43:F8:2A,-63,1638631642355
5,0,12,D0:F0:18:43:F8:36,-72,1638631642858
5,0,13,D0:F0:18:43:F8:2A,-62,1638631643361
5,0,14,D0:F0:18:43:F8:36,-72,1638631643863
5,0,15,D0:F0:18:43:F8:36,-77,1638631644366
5,0,16,D0:F0:18:43:F8:36,-77,1638631644869
5,0,17,D0:F0:18:43:F8:47,-76,1638631645372
5,0,18,D0:F0:18:43:F8:47,-62,1638631645873
5,0,19,D0:F0:18:43:F8:36,-72,1638631646376
5,0,20,D0:F0:18:43:F8:2A,-63,1638631646878
5,0,21,D0:F0:18:43:F8:47,-68,1638631647381
5,0,22,D0:F0:18:43:F8:2A,-63,1638631647887
5,0,23,D0:F0:18:43:F8:2A,-63,1638631648389
5,0,24,D0:F0:18:43:F8:47,-68,1638631648891
5,0,25,D0:F0:18:43:F8:36,-73,1638631649394
5,0,26,D0:F0:18:43:F8:36,-71,1638631649897
5,0,27,D0:F0:18:43:F8:47,-64,1638631650398
5,0,28,D0:F0:18:43:F8:36,-71,1638631650902
5,0,29,D0:F0:18:43:F8:47,-67,1638631651405
5,0,30,D0:F0:18:43:F8:47,-68,1638631651908
5,0,31,D0:F0:18:43:F8:47,-61,1638631652411
5,0,32,D0:F0:18:43:F8:47,-69,1638631652912
5,0,33,D0:F0:18:43:F8:36,-71,1638631653417
5,0,34,D0:F0:18:43:F8:47,-67,1638631653919
5,0,35,D0:F0:18:43:F8:47,-72,1638631654422
5,0,36,D0:F0:18:43:F8:36,-73,1638631654925
5,0,37,D0:F0:18:43:F8:36,-74,1638631655427
5,0,38,D0:F0:18:43:F8:2A,-63,1638631655930
5,0,39,D0:F0:18:43:F8:36,-77,1638631656434
5,0,40,D0:F0:18:43:F8:36,-77,1638631656937
5,0,41,D0:F0:18:43:F8:36,-72,1638631657439
5,0,42,D0:F0:18:43:F8:47,-76,1638631657941
5,0,43,D0:F0:18:43:F8:36,-74,1638631658443
5,0,44,D0:F0:18:43:F8:36,-70,1638631658945
5,0,45,D0:F0:18:43:F8:36,-72,1638631659448
5,0,46,D0:F0:18:43:F8:36,-73,1638631659950
5,0,47,D0:F0:18:43:F8:2A,-62,1638631660453
5,0,48,D0:F0:18:43:F8:2A,-62,1638631660955
5,0,49,D0:F0:18:43:F8:36,-77,1638631661458
5,0,50,D0:F0:18:43:F8:2A,-64,1638631661960
5,0,51,D0:F0:18:43:F8:47,-63,1638631662462
5,0,52,D0:F0:18:43:F8:36,-72,1638631662965
5,0,53,D0:F0:18:43:F8:2A,-62,1638631663467
5,0,54,D0:F0:18:43:F8:36,-74,1638631663970
5,0,55,D0:F0:18:43:F8:47,-71,1638631664473
5,0,56,D0:F0:18:43:F8:2A,-62,1638631664977
5,0,57,D0:F0:18:43:F8:2A,-62,1638631665479
5,0,58,D0:F0:18:43:F8:36,-74,1638631665982
5,0,59,D0:F0:18:43:F8:36,-71,1638631666484
5,0,60,D0:F0:18:43:F8:2A,-62,1638631666986
5,0,61,D0:F0:18:43:F8:47,-71,1638631667488
5,0,62,D0:F0:18:43:F8:36,-74,1638631667992
5,0,63,D0:F0:18:43:F8:36,-72,1638631668496
5,0,64,D0:F0:18:43:F8:2A,-61,1638631668998
5,0,65,D0:F0:18:43:F8:36,-68,1638631669499
5,0,66,D0:F0:18:43:F8:36,-73,1638631670002
5,0,67,D0:F0:18:43:F8:2A,-62,1638631670505
5,0,68,D0:F0:18:43:F8:36,-77,1638631671008
5,0,69,D0:F0:18:43:F8:2A,-62,1638631671511
5,0,70,D0:F0:18:43:F8:36,-76,1638631672014
5,0,71,D0:F0:18:43:F8:2A,-63,1638631672517
5,0,72,D0:F0:18:43:F8:2A,-62,1638631673019
5,0,73,D0:F0:18:43:F8:36,-76,1638631673522
5,0,74,D0:F0:18:43:F8:47,-63,1638631674024
5,0,75,D0:F0:18:43:F8:2A,-62,1638631674525
5,0,76,D0:F0:18:43:F8:36,-74,1638631675028
5,0,77,D0:F0:18:43:F8:2A,-62,1638631675531
5,0,78,D0:F0:18:43:F8:2A,-62,1638631676034
5,0,79,D0:F0:18:43:F8:36,-71,1638631676535
5,0,80,D0:F0:18:43:F8:47,-80,1638631677038
5,0,81,D0:F0:18:43:F8:2A,-61,1638631677539
5,0,82,D0:F0:18:43:F8:36,-72,1638631678042
5,0,83,D0:F0:18:43:F8:36,-75,1638631678545
5,0,84,D0:F0:18:43:F8:36,-69,1638631679047
5,0,85,D0:F0:18:43:F8:2A,-62,1638631679550
5,0,86,D0:F0:18:43:F8:47,-61,1638631680053
5,0,87,D0:F0:18:43:F8:2A,-63,1638631680556
5,0,88,D0:F0:18:43:F8:2A,-62,1638631681058
5,0,89,D0:F0:18:43:F8:36,-70,1638631681561
5,0,90,D0:F0:18:43:F8:2A,-62,1638631682062
5,0,91,D0:F0:18:43:F8:2A,-63,1638631682565
5,0,92,D0:F0:18:43:F8:2A,-62,1638631683067
5,0,93,D0:F0:18:43:F8:47,-71,1638631683570
5,0,94,D0:F0:18:43:F8:36,-75,1638631684073
5,0,95,D0:F0:18:43:F8:36,-78,1638631684577
5,0,96,D0:F0:18:43:F8:47,-62,1638631685080
5,0,97,D0:F0:18:43:F8:36,-76,1638631685583
5,0,98,D0:F0:18:43:F8:36,-71,1638631686086
5,0,99,D0:F0:18:43:F8:47,-74,1638631686588
5,0,100,D0:F0:18:43:F8:36,-74,1638631687089
5,0,101,D0:F0:18:43:F8:2A,-65,1638631687592
5,0,102,D0:F0:18:43:F8:47,-70,1638631688094
5,0,103,D0:F0:18:43:F8:36,-72,1638631688595
5,0,104,D0:F0:18:43:F8:36,-75,1638631689097
5,0,105,D0:F0:18:43:F8:2A,-63,1638631689600
5,0,106,D0:F0:18:43:F8:36,-79,1638631690103
5,0,107,D0:F0:18:43:F8:36,-70,1638631690606
5,0,108,D0:F0:18:43:F8:36,-69,1638631691107
5,0,109,D0:F0:18:43:F8:47,-67,1638631691610
5,0,110,D0:F0:18:43:F8:36,-72,1638631692112
5,0,111,D0:F0:18:43:F8:2A,-62,1638631692615
5,0,112,D0:F0:18:43:F8:2A,-62,1638631693117
5,0,113,D0:F0:18:43:F8:47,-69,1638631693620
5,0,114,D0:F0:18:43:F8:47,-73,1638631694122
5,0,115,D0:F0:18:43:F8:47,-68,1638631694624
5,0,116,D0:F0:18:43:F8:36,-74,1638631695127
5,0,117,D0:F0:18:43:F8:2A,-65,1638631695629
5,0,118,D0:F0:18:43:F8:47,-71,1638631696132
5,0,119,D0:F0:18:43:F8:36,-71,1638631696634
6,0,0,D0:F0:18:43:F8:47,-62,1638631699658
6,0,1,D0:F0:18:43:F8:36,-70,1638631700163
6,0,2,D0:F0:18:43:F8:2A,-82,1638631700667
6,0,3,D0:F0:18:43:F8:2A,-63,1638631701170
6,0,4,D0:F0:18:43:F8:36,-70,1638631701672
6,0,5,D0:F0:18:43:F8:2A,-70,1638631702175
6,0,6,D0:F0:18:43:F8:36,-71,1638631702678
6,0,7,D0:F0:18:43:F8:2A,-70,1638631703181
6,0,8,D0:F0:18:43:F8:2A,-72,1638631703684
6,0,9,D0:F0:18:43:F8:47,-62,1638631704188
6,0,10,D0:F0:18:43:F8:47,-69,1638631704690
6,0,11,D0:F0:18:43:F8:2A,-69,1638631705192
6,0,12,D0:F0:18:43:F8:47,-69,1638631705696
6,0,13,D0:F0:18:43:F8:2A,-67,1638631706199
6,0,14,D0:F0:18:43:F8:2A,-68,1638631706702
6,0,15,D0:F0:18:43:F8:47,-62,1638631707204
6,0,16,D0:F0:18:43:F8:47,-68,1638631707707
6,0,17,D0:F0:18:43:F8:47,-70,1638631708211
6,0,18,D0:F0:18:43:F8:47,-62,1638631708713
6,0,19,D0:F0:18:43:F8:47,-61,1638631709216
6,0,20,D0:F0:18:43:F8:47,-68,1638631709719
6,0,21,D0:F0:18:43:F8:47,-62,1638631710221
6,0,22,D0:F0:18:43:F8:2A,-81,1638631710723
6,0,23,D0:F0:18:43:F8:47,-62,1638631711226
6,0,24,D0:F0:18:43:F8:47,-62,1638631711728
6,0,25,D0:F0:18:43:F8:36,-71,1638631712231
6,0,26,D0:F0:18:43:F8:47,-62,1638631712733
6,0,27,D0:F0:18:43:F8:47,-62,1638631713236
6,0,28,D0:F0:18:43:F8:47,-69,1638631713740
6,0,29,D0:F0:18:43:F8:36,-72,1638631714242
6,0,30,D0:F0:18:43:F8:47,-71,1638631714745
6,0,31,D0:F0:18:43:F8:47,-61,1638631715248
6,0,32,D0:F0:18:43:F8:47,-62,1638631715750
6,0,33,D0:F0:18:43:F8:47,-61,1638631716252
6,0,34,D0:F0:18:43:F8:47,-61,1638631716755
6,0,35,D0:F0:18:43:F8:47,-71,1638631717257
6,0,36,D0:F0:18:43:F8:47,-61,1638631717759
6,0,37,D0:F0:18:43:F8:47,-68,1638631718262
6,0,38,D0:F0:18:43:F8:47,-63,1638631718765
6,0,39,D0:F0:18:43:F8:47,-62,1638631719267
6,0,40,D0:F0:18:43:F8:47,-62,1638631719771
6,0,41,D0:F0:18:43:F8:2A,-80,1638631720273
6,0,42,D0:F0:18:43:F8:2A,-81,1638631720775
6,0,43,D0:F0:18:43:F8:47,-62,1638631721278
6,0,44,D0:F0:18:43:F8:36,-71,1638631721779
6,0,45,D0:F0:18:43:F8:2A,-76,1638631722282
6,0,46,D0:F0:18:43:F8:47,-62,1638631722783
6,0,47,D0:F0:18:43:F8:47,-62,1638631723286
6,0,48,D0:F0:18:43:F8:47,-62,1638631723789
6,0,49,D0:F0:18:43:F8:47,-69,1638631724291
6,0,50,D0:F0:18:43:F8:47,-62,1638631724794
6,0,51,D0:F0:18:43:F8:2A,-67,1638631725296
6,0,52,D0:F0:18:43:F8:47,-61,1638631725798
6,0,53,D0:F0:18:43:F8:2A,-71,1638631726302
6,0,54,D0:F0:18:43:F8:2A,-82,1638631726805
6,0,55,D0:F0:18:43:F8:2A,-84,1638631727308
6,0,56,D0:F0:18:43:F8:2A,-67,1638631727810
6,0,57,D0:F0:18:43:F8:2A,-68,1638631728313
6,0,58,D0:F0:18:43:F8:2A,-67,1638631728815
6,0,59,D0:F0:18:43:F8:2A,-71,1638631729318
6,0,60,D0:F0:18:43:F8:47,-62,1638631729820
6,0,61,D0:F0:18:43:F8:2A,-70,1638631730323
6,0,62,D0:F0:18:43:F8:47,-69,1638631730828
6,0,63,D0:F0:18:43:F8:47,-69,1638631731330
6,0,64,D0:F0:18:43:F8:2A,-68,1638631731833
6,0,65,D0:F0:18:43:F8:47,-62,1638631732336
6,0,66,D0:F0:18:43:F8:47,-63,1638631732838
6,0,67,D0:F0:18:43:F8:2A,-80,1638631733339
6,0,68,D0:F0:18:43:F8:47,-70,1638631733842
6,0,69,D0:F0:18:43:F8:47,-61,1638631734344
6,0,70,D0:F0:18:43:F8:47,-70,1638631734848
6,0,71,D0:F0:18:43:F8:2A,-80,1638631735351
6,0,72,D0:F0:18:43:F8:47,-64,1638631735854
6,0,73,D0:F0:18:43:F8:47,-64,1638631736360
6,0,74,D0:F0:18:43:F8:2A,-69,1638631736862
6,0,75,D0:F0:18:43:F8:47,-74,1638631737365
6,0,76,D0:F0:18:43:F8:47,-66,1638631737867
6,0,77,D0:F0:18:43:F8:2A,-73,1638631738369
6,0,78,D0:F0:18:43:F8:47,-61,1638631738873
6,0,79,D0:F0:18:43:F8:47,-70,1638631739375
6,0,80,D0:F0:18:43:F8:47,-64,1638631739878
6,0,81,D0:F0:18:43:F8:36,-75,1638631740380
6,0,82,D0:F0:18:43:F8:47,-62,1638631740882
6,0,83,D0:F0:18:43:F8:2A,-73,1638631741385
6,0,84,D0:F0:18:43:F8:47,-71,1638631741888
6,0,85,D0:F0:18:43:F8:2A,-81,1638631742391
6,0,86,D0:F0:18:43:F8:2A,-79,1638631742893
6,0,87,D0:F0:18:43:F8:36,-77,1638631743396
6,0,88,D0:F0:18:43:F8:2A,-66,1638631743898
6,0,89,D0:F0:18:43:F8:36,-76,1638631744402
6,0,90,D0:F0:18:43:F8:47,-61,1638631744905
6,0,91,D0:F0:18:43:F8:47,-64,1638631745408
6,0,92,D0:F0:18:43:F8:47,-70,1638631745910
6,0,93,D0:F0:18:43:F8:2A,-71,1638631746412
6,0,94,D0:F0:18:43:F8:47,-62,1638631746914
6,0,95,D0:F0:18:43:F8:2A,-81,1638631747416
6,0,96,D0:F0:18:43:F8:2A,-73,1638631747919
6,0,97,D0:F0:18:43:F8:36,-72,1638631748421
6,0,98,D0:F0:18:43:F8:47,-65,1638631748924
6,0,99,D0:F0:18:43:F8:2A,-74,1638631749426
6,0,100,D0:F0:18:43:F8:47,-72,1638631749929
6,0,101,D0:F0:18:43:F8:47,-61,1638631750431
6,0,102,D0:F0:18:43:F8:2A,-75,1638631750933
6,0,103,D0:F0:18:43:F8:2A,-73,1638631751435
6,0,104,D0:F0:18:43:F8:47,-68,1638631751938
6,0,105,D0:F0:18:43:F8:2A,-76,1638631752441
6,0,106,D0:F0:18:43:F8:36,-78,1638631752944
6,0,107,D0:F0:18:43:F8:47,-68,1638631753447
6,0,108,D0:F0:18:43:F8:36,-76,1638631753948
6,0,109,D0:F0:18:43:F8:36,-71,1638631754452
6,0,110,D0:F0:18:43:F8:2A,-69,1638631754955
6,0,111,D0:F0:18:43:F8:36,-70,1638631755458
6,0,112,D0:F0:18:43:F8:2A,-69,1638631755961
6,0,113,D0:F0:18:43:F8:2A,-70,1638631756464
6,0,114,D0:F0:18:43:F8:47,-62,1638631756966
6,0,115,D0:F0:18:43:F8:47,-71,1638631757469
6,0,116,D0:F0:18:43:F8:47,-70,1638631757972
6,0,117,D0:F0:18:43:F8:2A,-66,1638631758474
6,0,118,D0:F0:18:43:F8:36,-78,1638631758977
6,0,119,D0:F0:18:43:F8:2A,-66,1638631759480
7,0,0,D0:F0:18:43:F8:36,-76,1638631762516
7,0,1,D0:F0:18:43:F8:36,-75,1638631763022
7,0,2,D0:F0:18:43:F8:2A,-76,1638631763525
7,0,3,D0:F0:18:43:F8:36,-79,1638631764028
7,0,4,D0:F0:18:43:F8:36,-72,1638631764531
7,0,5,D0:F0:18:43:F8:47,-74,1638631765033
7,0,6,D0:F0:18:43:F8:47,-70,1638631765535
7,0,7,D0:F0:18:43:F8:47,-59,1638631766039
7,0,8,D0:F0:18:43:F8:2A,-79,1638631766541
7,0,9,D0:F0:18:43:F8:2A,-77,1638631767043
7,0,10,D0:F0:18:43:F8:36,-73,1638631767545
7,0,11,D0:F0:18:43:F8:2A,-76,1638631768048
7,0,12,D0:F0:18:43:F8:2A,-77,1638631768550
7,0,13,D0:F0:18:43:F8:36,-78,1638631769053
7,0,14,D0:F0:18:43:F8:47,-59,1638631769556
7,0,15,D0:F0:18:43:F8:47,-59,1638631770058
7,0,16,D0:F0:18:43:F8:2A,-76,1638631770560
7,0,17,D0:F0:18:43:F8:36,-77,1638631771063
7,0,18,D0:F0:18:43:F8:47,-60,1638631771566
7,0,19,D0:F0:18:43:F8:47,-74,1638631772069
7,0,20,D0:F0:18:43:F8:36,-79,1638631772572
7,0,21,D0:F0:18:43:F8:47,-62,1638631773075
7,0,22,D0:F0:18:43:F8:47,-59,1638631773576
7,0,23,D0:F0:18:43:F8:36,-73,1638631774078
7,0,24,D0:F0:18:43:F8:47,-59,1638631774580
7,0,25,D0:F0:18:43:F8:2A,-79,1638631775083
7,0,26,D0:F0:18:43:F8:47,-77,1638631775586
7,0,27,D0:F0:18:43:F8:47,-59,1638631776090
7,0,28,D0:F0:18:43:F8:47,-73,1638631776592
7,0,29,D0:F0:18:43:F8:36,-76,1638631777095
7,0,30,D0:F0:18:43:F8:47,-62,1638631777598
7,0,31,D0:F0:18:43:F8:47,-62,1638631778102
7,0,32,D0:F0:18:43:F8:36,-73,1638631778606
7,0,33,D0:F0:18:43:F8:2A,-78,1638631779108
7,0,34,D0:F0:18:43:F8:47,-59,1638631779612
7,0,35,D0:F0:18:43:F8:36,-73,1638631780115
7,0,36,D0:F0:18:43:F8:47,-74,1638631780617
7,0,37,D0:F0:18:43:F8:2A,-78,1638631781120
7,0,38,D0:F0:18:43:F8:2A,-76,1638631781623
7,0,39,D0:F0:18:43:F8:36,-76,1638631782125
7,0,40,D0:F0:18:43:F8:47,-59,1638631782628
7,0,41,D0:F0:18:43:F8:47,-61,1638631783131
7,0,42,D0:F0:18:43:F8:36,-73,1638631783634
7,0,43,D0:F0:18:43:F8:47,-72,1638631784136
7,0,44,D0:F0:18:43:F8:47,-75,1638631784638
7,0,45,D0:F0:18:43:F8:36,-77,1638631785141
7,0,46,D0:F0:18:43:F8:47,-59,1638631785644
7,0,47,D0:F0:18:43:F8:47,-74,1638631786147
7,0,48,D0:F0:18:43:F8:47,-59,1638631786648
7,0,49,D0:F0:18:43:F8:47,-59,1638631787151
7,0,50,D0:F0:18:43:F8:2A,-76,1638631787654
7,0,51,D0:F0:18:43:F8:2A,-77,1638631788156
7,0,52,D0:F0:18:43:F8:2A,-76,1638631788659
7,0,53,D0:F0:18:43:F8:2A,-76,1638631789162
7,0,54,D0:F0:18:43:F8:2A,-77,1638631789664
7,0,55,D0:F0:18:43:F8:2A,-78,1638631790167
7,0,56,D0:F0:18:43:F8:47,-62,1638631790671
7,0,57,D0:F0:18:43:F8:2A,-78,1638631791174
7,0,58,D0:F0:18:43:F8:47,-74,1638631791677
7,0,59,D0:F0:18:43:F8:47,-74,1638631792180
7,0,60,D0:F0:18:43:F8:2A,-79,1638631792684
7,0,61,D0:F0:18:43:F8:2A,-78,1638631793187
7,0,62,D0:F0:18:43:F8:2A,-78,1638631793689
7,0,63,D0:F0:18:43:F8:2A,-77,1638631794192
7,0,64,D0:F0:18:43:F8:2A,-76,1638631794695
7,0,65,D0:F0:18:43:F8:2A,-78,1638631795197
7,0,66,D0:F0:18:43:F8:2A,-76,1638631795701
7,0,67,D0:F0:18:43:F8:2A,-77,1638631796204
7,0,68,D0:F0:18:43:F8:47,-75,1638631796706
7,0,69,D0:F0:18:43:F8:2A,-78,1638631797209
7,0,70,D0:F0:18:43:F8:47,-70,1638631797712
7,0,71,D0:F0:18:43:F8:36,-77,1638631798214
7,0,72,D0:F0:18:43:F8:47,-71,1638631798716
7,0,73,D0:F0:18:43:F8:2A,-74,1638631799219
7,0,74,D0:F0:18:43:F8:47,-63,1638631799722
7,0,75,D0:F0:18:43:F8:36,-73,1638631800226
7,0,76,D0:F0:18:43:F8:47,-69,1638631800728
7,0,77,D0:F0:18:43:F8:47,-71,1638631801231
7,0,78,D0:F0:18:43:F8:47,-59,1638631801734
7,0,79,D0:F0:18:43:F8:47,-59,1638631802237
7,0,80,D0:F0:18:43:F8:2A,-75,1638631802741
7,0,81,D0:F0:18:43:F8:47,-60,1638631803244
7,0,82,D0:F0:18:43:F8:47,-59,1638631803746
7,0,83,D0:F0:18:43:F8:36,-73,1638631804249
7,0,84,D0:F0:18:43:F8:2A,-80,1638631804752
7,0,85,D0:F0:18:43:F8:2A,-74,1638631805255
7,0,86,D0:F0:18:43:F8:47,-61,1638631805758
7,0,87,D0:F0:18:43:F8:2A,-80,1638631806261
7,0,88,D0:F0:18:43:F8:47,-62,1638631806764
7,0,89,D0:F0:18:43:F8:47,-76,1638631807266
7,0,90,D0:F0:18:43:F8:36,-73,1638631807769
7,0,91,D0:F0:18:43:F8:36,-79,1638631808271
7,0,92,D0:F0:18:43:F8:47,-59,1638631808774
7,0,93,D0:F0:18:43:F8:2A,-78,1638631809276
7,0,94,D0:F0:18:43:F8:47,-75,1638631809779
7,0,95,D0:F0:18:43:F8:47,-72,1638631810282
7,0,96,D0:F0:18:43:F8:47,-58,1638631810785
7,0,97,D0:F0:18:43:F8:36,-79,1638631811288
7,0,98,D0:F0:18:43:F8:47,-62,1638631811791
7,0,99,D0:F0:18:43:F8:36,-76,1638631812293
7,0,100,D0:F0:18:43:F8:36,-73,1638631812796
7,0,101,D0:F0:18:43:F8:2A,-76,1638631813299
7,0,102,D0:F0:18:43:F8:47,-61,1638631813801
7,0,103,D0:F0:18:43:F8:36,-77,1638631814304
7,0,104,D0:F0:18:43:F8:2A,-75,1638631814806
7,0,105,D0:F0:18:43:F8:47,-62,1638631815310
7,0,106,D0:F0:18:43:F8:36,-73,1638631815812
7,0,107,D0:F0:18:43:F8:2A,-77,1638631816316
7,0,108,D0:F0:18:43:F8:47,-58,1638631816819
7,0,109,D0:F0:18:43:F8:47,-61,1638631817321
7,0,110,D0:F0:18:43:F8:2A,-74,1638631817824
7,0,111,D0:F0:18:43:F8:2A,-74,1638631818326
7,0,112,D0:F0:18:43:F8:47,-75,1638631818828
7,0,113,D0:F0:18:43:F8:2A,-78,1638631819331
7,0,114,D0:F0:18:43:F8:2A,-73,1638631819832
7,0,115,D0:F0:18:43:F8:47,-71,1638631820335
7,0,116,D0:F0:18:43:F8:36,-73,1638631820838
7,0,117,D0:F0:18:43:F8:47,-64,1638631821341
7,0,118,D0:F0:18:43:F8:2A,-80,1638631821844
7,0,119,D0:F0:18:43:F8:2A,-81,1638631822348
8,0,0,D0:F0:18:43:F8:47,-61,1638631825376
8,0,1,D0:F0:18:43:F8:36,-70,1638631825879
8,0,2,D0:F0:18:43:F8:2A,-73,1638631826382
8,0,3,D0:F0:18:43:F8:47,-65,1638631826884
8,0,4,D0:F0:18:43:F8:2A,-70,1638631827387
8,0,5,D0:F0:18:43:F8:2A,-73,1638631827890
8,0,6,D0:F0:18:43:F8:47,-63,1638631828395
8,0,7,D0:F0:18:43:F8:36,-69,1638631828897
8,0,8,D0:F0:18:43:F8:36,-81,1638631829400
8,0,9,D0:F0:18:43:F8:47,-66,1638631829903
8,0,10,D0:F0:18:43:F8:47,-65,1638631830405
8,0,11,D0:F0:18:43:F8:36,-74,1638631830909
8,0,12,D0:F0:18:43:F8:2A,-77,1638631831412
8,0,13,D0:F0:18:43:F8:47,-67,1638631831914
8,0,14,D0:F0:18:43:F8:36,-77,1638631832430
8,0,15,D0:F0:18:43:F8:2A,-73,1638631832933
8,0,16,D0:F0:18:43:F8:47,-62,1638631833436
8,0,17,D0:F0:18:43:F8:47,-63,1638631833938
8,0,18,D0:F0:18:43:F8:2A,-71,1638631834440
8,0,19,D0:F0:18:43:F8:2A,-78,1638631834942
8,0,20,D0:F0:18:43:F8:36,-70,1638631835444
8,0,21,D0:F0:18:43:F8:36,-75,1638631835946
8,0,22,D0:F0:18:43:F8:2A,-74,1638631836448
8,0,23,D0:F0:18:43:F8:2A,-77,1638631836951
8,0,24,D0:F0:18:43:F8:47,-64,1638631837453
8,0,25,D0:F0:18:43:F8:47,-61,1638631837955
8,0,26,D0:F0:18:43:F8:47,-62,1638631838458
8,0,27,D0:F0:18:43:F8:2A,-77,1638631838960
8,0,28,D0:F0:18:43:F8:2A,-79,1638631839462
8,0,29,D0:F0:18:43:F8:2A,-71,1638631839965
8,0,30,D0:F0:18:43:F8:47,-62,1638631840469
8,0,31,D0:F0:18:43:F8:2A,-72,1638631840970
8,0,32,D0:F0:18:43:F8:2A,-73,1638631841473
8,0,33,D0:F0:18:43:F8:47,-61,1638631841976
8,0,34,D0:F0:18:43:F8:2A,-74,1638631842478
8,0,35,D0:F0:18:43:F8:47,-64,1638631842980
8,0,36,D0:F0:18:43:F8:2A,-71,1638631843483
8,0,37,D0:F0:18:43:F8:2A,-73,1638631843986
8,0,38,D0:F0:18:43:F8:2A,-72,1638631844489
8,0,39,D0:F0:18:43:F8:2A,-74,1638631844992
8,0,40,D0:F0:18:43:F8:36,-74,1638631845495
8,0,41,D0:F0:18:43:F8:36,-75,1638631845998
8,0,42,D0:F0:18:43:F8:2A,-76,1638631846501
8,0,43,D0:F0:18:43:F8:36,-77,1638631847004
8,0,44,D0:F0:18:43:F8:36,-69,1638631847507
8,0,45,D0:F0:18:43:F8:2A,-71,1638631848009
8,0,46,D0:F0:18:43:F8:2A,-73,1638631848512
8,0,47,D0:F0:18:43:F8:36,-76,1638631849014
8,0,48,D0:F0:18:43:F8:47,-65,1638631849518
8,0,49,D0:F0:18:43:F8:36,-76,1638631850021
8,0,50,D0:F0:18:43:F8:36,-69,1638631850524
8,0,51,D0:F0:18:43:F8:36,-69,1638631851026
8,0,52,D0:F0:18:43:F8:47,-65,1638631851528
8,0,53,D0:F0:18:43:F8:36,-70,1638631852031
8,0,54,D0:F0:18:43:F8:47,-61,1638631852535
8,0,55,D0:F0:18:43:F8:47,-65,1638631853036
8,0,56,D0:F0:18:43:F8:36,-68,1638631853538
8,0,57,D0:F0:18:43:F8:36,-68,1638631854041
8,0,58,D0:F0:18:43:F8:47,-66,1638631854543
8,0,59,D0:F0:18:43:F8:2A,-69,1638631855046
8,0,60,D0:F0:18:43:F8:36,-78,1638631855550
8,0,61,D0:F0:18:43:F8:36,-72,1638631856053
8,0,62,D0:F0:18:43:F8:47,-62,1638631856556
8,0,63,D0:F0:18:43:F8:47,-63,1638631857059
8,0,64,D0:F0:18:43:F8:47,-62,1638631857562
8,0,65,D0:F0:18:43:F8:2A,-76,1638631858065
8,0,66,D0:F0:18:43:F8:36,-69,1638631858568
8,0,67,D0:F0:18:43:F8:2A,-73,1638631859071
8,0,68,D0:F0:18:43:F8:36,-69,1638631859574
8,0,69,D0:F0:18:43:F8:36,-68,1638631860076
8,0,70,D0:F0:18:43:F8:36,-72,1638631860579
8,0,71,D0:F0:18:43:F8:36,-72,1638631861081
8,0,72,D0:F0:18:43:F8:47,-64,1638631861584
8,0,73,D0:F0:18:43:F8:36,-71,1638631862086
8,0,74,D0:F0:18:43:F8:2A,-71,1638631862589
8,0,75,D0:F0:18:43:F8:2A,-75,1638631863091
8,0,76,D0:F0:18:43:F8:47,-61,1638631863594
8,0,77,D0:F0:18:43:F8:2A,-75,1638631864097
8,0,78,D0:F0:18:43:F8:36,-70,1638631864599
8,0,79,D0:F0:18:43:F8:36,-71,1638631865102
8,0,80,D0:F0:18:43:F8:47,-62,1638631865605
8,0,81,D0:F0:18:43:F8:47,-63,1638631866107
8,0,82,D0:F0:18:43:F8:47,-63,1638631866610
8,0,83,D0:F0:18:43:F8:47,-62,1638631867112
8,0,84,D0:F0:18:43:F8:47,-62,1638631867614
8,0,85,D0:F0:18:43:F8:47,-61,1638631868117
8,0,86,D0:F0:18:43:F8:47,-61,1638631868620
8,0,87,D0:F0:18:43:F8:47,-65,1638631869124
8,0,88,D0:F0:18:43:F8:36,-75,1638631869627
8,0,89,D0:F0:18:43:F8:36,-68,1638631870130
8,0,90,D0:F0:18:43:F8:47,-62,1638631870632
8,0,91,D0:F0:18:43:F8:47,-64,1638631871135
8,0,92,D0:F0:18:43:F8:36,-70,1638631871638
8,0,93,D0:F0:18:43:F8:47,-61,1638631872141
8,0,94,D0:F0:18:43:F8:47,-61,1638631872642
8,0,95,D0:F0:18:43:F8:36,-69,1638631873144
8,0,96,D0:F0:18:43:F8:47,-61,1638631873647
8,0,97,D0:F0:18:43:F8:47,-63,1638631874150
8,0,98,D0:F0:18:43:F8:2A,-77,1638631874652
8,0,99,D0:F0:18:43:F8:2A,-72,1638631875155
8,0,100,D0:F0:18:43:F8:47,-64,1638631875657
8,0,101,D0:F0:18:43:F8:36,-77,1638631876161
8,0,102,D0:F0:18:43:F8:36,-68,1638631876663
8,0,103,D0:F0:18:43:F8:2A,-72,1638631877166
8,0,104,D0:F0:18:43:F8:47,-64,1638631877669
8,0,105,D0:F0:18:43:F8:36,-76,1638631878172
8,0,106,D0:F0:18:43:F8:47,-62,1638631878675
8,0,107,D0:F0:18:43:F8:47,-61,1638631879177
8,0,108,D0:F0:18:43:F8:36,-73,1638631879680
8,0,109,D0:F0:18:43:F8:36,-74,1638631880182
8,0,110,D0:F0:18:43:F8:47,-61,1638631880685
8,0,111,D0:F0:18:43:F8:2A,-73,1638631881188
8,0,112,D0:F0:18:43:F8:2A,-79,1638631881691
8,0,113,D0:F0:18:43:F8:47,-62,1638631882194
8,0,114,D0:F0:18:43:F8:36,-68,1638631882696
8,0,115,D0:F0:18:43:F8:2A,-76,1638631883198
8,0,116,D0:F0:18:43:F8:36,-68,1638631883699
8,0,117,D0:F0:18:43:F8:2A,-72,1638631884202
8,0,118,D0:F0:18:43:F8:2A,-71,1638631884704
8,0,119,D0:F0:18:43:F8:36,-72,1638631885207
9,0,0,D0:F0:18:43:F8:36,-73,1638631888241
9,0,1,D0:F0:18:43:F8:36,-77,1638631888747
9,0,2,D0:F0:18:43:F8:47,-64,1638631889251
9,0,3,D0:F0:18:43:F8:47,-69,1638631889753
9,0,4,D0:F0:18:43:F8:36,-79,1638631890256
9,0,5,D0:F0:18:43:F8:47,-64,1638631890758
9,0,6,D0:F0:18:43:F8:36,-69,1638631891261
9,0,7,D0:F0:18:43:F8:2A,-78,1638631891765
9,0,8,D0:F0:18:43:F8:36,-76,1638631892268
9,0,9,D0:F0:18:43:F8:47,-68,1638631892771
9,0,10,D0:F0:18:43:F8:2A,-79,1638631893274
9,0,11,D0:F0:18:43:F8:36,-72,1638631893777
9,0,12,D0:F0:18:43:F8:36,-71,1638631894281
9,0,13,D0:F0:18:43:F8:2A,-79,1638631894782
9,0,14,D0:F0:18:43:F8:47,-62,1638631895285
9,0,15,D0:F0:18:43:F8:47,-64,1638631895788
9,0,16,D0:F0:18:43:F8:47,-64,1638631896292
9,0,17,D0:F0:18:43:F8:36,-79,1638631896795
9,0,18,D0:F0:18:43:F8:36,-70,1638631897298
9,0,19,D0:F0:18:43:F8:47,-64,1638631897800
9,0,20,D0:F0:18:43:F8:36,-78,1638631898303
9,0,21,D0:F0:18:43:F8:36,-75,1638631898807
9,0,22,D0:F0:18:43:F8:47,-63,1638631899311
9,0,23,D0:F0:18:43:F8:2A,-73,1638631899814
9,0,24,D0:F0:18:43:F8:47,-69,1638631900317
9,0,25,D0:F0:18:43:F8:47,-69,1638631900820
9,0,26,D0:F0:18:43:F8:47,-64,1638631901324
9,0,27,D0:F0:18:43:F8:36,-72,1638631901827
9,0,28,D0:F0:18:43:F8:36,-72,1638631902330
9,0,29,D0:F0:18:43:F8:47,-62,1638631902832
9,0,30,D0:F0:18:43:F8:47,-63,1638631903335
9,0,31,D0:F0:18:43:F8:36,-72,1638631903839
9,0,32,D0:F0:18:43:F8:36,-71,1638631904342
9,0,33,D0:F0:18:43:F8:36,-71,1638631904847
9,0,34,D0:F0:18:43:F8:47,-69,1638631905350
9,0,35,D0:F0:18:43:F8:36,-71,1638631905854
9,0,36,D0:F0:18:43:F8:47,-63,1638631906357
9,0,37,D0:F0:18:43:F8:36,-74,1638631906859
9,0,38,D0:F0:18:43:F8:36,-73,1638631907362
9,0,39,D0:F0:18:43:F8:47,-72,1638631907865
9,0,40,D0:F0:18:43:F8:36,-82,1638631908367
9,0,41,D0:F0:18:43:F8:47,-64,1638631908870
9,0,42,D0:F0:18:43:F8:47,-65,1638631909373
9,0,43,D0:F0:18:43:F8:36,-77,1638631909876
9,0,44,D0:F0:18:43:F8:36,-71,1638631910379
9,0,45,D0:F0:18:43:F8:47,-66,1638631910881
9,0,46,D0:F0:18:43:F8:2A,-78,1638631911386
9,0,47,D0:F0:18:43:F8:36,-69,1638631911680
9,0,48,D0:F0:18:43:F8:36,-79,1638631912331
9,0,49,D0:F0:18:43:F8:36,-78,1638631912832
9,0,50,D0:F0:18:43:F8:2A,-76,1638631913335
9,0,51,D0:F0:18:43:F8:47,-66,1638631913837
9,0,52,D0:F0:18:43:F8:36,-72,1638631914340
9,0,53,D0:F0:18:43:F8:36,-72,1638631914842
9,0,54,D0:F0:18:43:F8:47,-63,1638631915345
9,0,55,D0:F0:18:43:F8:2A,-79,1638631915848
9,0,56,D0:F0:18:43:F8:47,-64,1638631916350
9,0,57,D0:F0:18:43:F8:2A,-72,1638631916854
9,0,58,D0:F0:18:43:F8:2A,-76,1638631917356
9,0,59,D0:F0:18:43:F8:36,-74,1638631917859
9,0,60,D0:F0:18:43:F8:2A,-77,1638631918362
9,0,61,D0:F0:18:43:F8:47,-72,1638631918864
9,0,62,D0:F0:18:43:F8:2A,-75,1638631919366
9,0,63,D0:F0:18:43:F8:2A,-77,1638631919868
9,0,64,D0:F0:18:43:F8:36,-77,1638631920372
9,0,65,D0:F0:18:43:F8:36,-77,1638631920876
9,0,66,D0:F0:18:43:F8:2A,-71,1638631921378
9,0,67,D0:F0:18:43:F8:2A,-78,1638631921881
9,0,68,D0:F0:18:43:F8:47,-71,1638631922384
9,0,69,D0:F0:18:43:F8:2A,-77,1638631922886
9,0,70,D0:F0:18:43:F8:47,-63,1638631923389
9,0,71,D0:F0:18:43:F8:47,-64,1638631923893
9,0,72,D0:F0:18:43:F8:36,-72,1638631924396
9,0,73,D0:F0:18:43:F8:36,-71,1638631924897
9,0,74,D0:F0:18:43:F8:47,-64,1638631925400
9,0,75,D0:F0:18:43:F8:36,-77,1638631925902
9,0,76,D0:F0:18:43:F8:47,-73,1638631926404
9,0,77,D0:F0:18:43:F8:47,-64,1638631926909
9,0,78,D0:F0:18:43:F8:2A,-71,1638631927411
9,0,79,D0:F0:18:43:F8:47,-71,1638631927914
9,0,80,D0:F0:18:43:F8:47,-63,1638631928417
9,0,81,D0:F0:18:43:F8:2A,-78,1638631928919
9,0,82,D0:F0:18:43:F8:47,-64,1638631929423
9,0,83,D0:F0:18:43:F8:47,-65,1638631929925
9,0,84,D0:F0:18:43:F8:2A,-71,1638631930428
9,0,85,D0:F0:18:43:F8:36,-77,1638631930930
9,0,86,D0:F0:18:43:F8:47,-62,1638631931431
9,0,87,D0:F0:18:43:F8:47,-70,1638631931934
9,0,88,D0:F0:18:43:F8:36,-80,1638631932437
9,0,89,D0:F0:18:43:F8:36,-75,1638631932940
9,0,90,D0:F0:18:43:F8:47,-71,1638631933443
9,0,91,D0:F0:18:43:F8:2A,-80,1638631933945
9,0,92,D0:F0:18:43:F8:2A,-79,1638631934447
9,0,93,D0:F0:18:43:F8:47,-64,1638631934950
9,0,94,D0:F0:18:43:F8:47,-71,1638631935453
9,0,95,D0:F0:18:43:F8:36,-77,1638631935956
9,0,96,D0:F0:18:43:F8:36,-77,1638631936460
9,0,97,D0:F0:18:43:F8:2A,-79,1638631936963
9,0,98,D0:F0:18:43:F8:36,-70,1638631937475
9,0,99,D0:F0:18:43:F8:47,-63,1638631937978
9,0,100,D0:F0:18:43:F8:47,-62,1638631938481
9,0,101,D0:F0:18:43:F8:47,-65,1638631938984
9,0,102,D0:F0:18:43:F8:36,-76,1638631939487
9,0,103,D0:F0:18:43:F8:47,-67,1638631939990
9,0,104,D0:F0:18:43:F8:47,-67,1638631940493
9,0,105,D0:F0:18:43:F8:2A,-76,1638631940996
9,0,106,D0:F0:18:43:F8:47,-76,1638631941499
9,0,107,D0:F0:18:43:F8:47,-67,1638631942002
9,0,108,D0:F0:18:43:F8:47,-67,1638631942506
9,0,109,D0:F0:18:43:F8:47,-67,1638631943009
9,0,110,D0:F0:18:43:F8:47,-66,1638631943511
9,0,111,D0:F0:18:43:F8:36,-73,1638631944014
9,0,112,D0:F0:18:43:F8:2A,-76,1638631944516
9,0,113,D0:F0:18:43:F8:47,-67,1638631945019
9,0,114,D0:F0:18:43:F8:47,-66,1638631945521
9,0,115,D0:F0:18:43:F8:2A,-77,1638631946024
9,0,116,D0:F0:18:43:F8:47,-74,1638631946527
9,0,117,D0:F0:18:43:F8:47,-73,1638631947029
9,0,118,D0:F0:18:43:F8:2A,-77,1638631947531
9,0,119,D0:F0:18:43:F8:36,-77,1638631948034
10,0,0,D0:F0:18:43:F8:2A,-79,1638631955620
10,0,1,D0:F0:18:43:F8:36,-61,1638631956125
10,0,2,D0:F0:18:43:F8:36,-66,1638631956628
10,0,3,D0:F0:18:43:F8:2A,-75,1638631957131
10,0,4,D0:F0:18:43:F8:36,-67,1638631957634
10,0,5,D0:F0:18:43:F8:2A,-77,1638631958137
10,0,6,D0:F0:18:43:F8:36,-62,1638631958640
10,0,7,D0:F0:18:43:F8:47,-68,1638631959142
10,0,8,D0:F0:18:43:F8:36,-70,1638631959645
10,0,9,D0:F0:18:43:F8:36,-62,1638631960147
10,0,10,D0:F0:18:43:F8:2A,-81,1638631960649
10,0,11,D0:F0:18:43:F8:47,-69,1638631961153
10,0,12,D0:F0:18:43:F8:47,-66,1638631961656
10,0,13,D0:F0:18:43:F8:47,-67,1638631962159
10,0,14,D0:F0:18:43:F8:47,-62,1638631962662
10,0,15,D0:F0:18:43:F8:36,-70,1638631963165
10,0,16,D0:F0:18:43:F8:47,-66,1638631963666
10,0,17,D0:F0:18:43:F8:36,-68,1638631964169
10,0,18,D0:F0:18:43:F8:36,-67,1638631964671
10,0,19,D0:F0:18:43:F8:47,-66,1638631965173
10,0,20,D0:F0:18:43:F8:36,-71,1638631965674
10,0,21,D0:F0:18:43:F8:36,-62,1638631966176
10,0,22,D0:F0:18:43:F8:2A,-72,1638631966678
10,0,23,D0:F0:18:43:F8:47,-69,1638631967181
10,0,24,D0:F0:18:43:F8:36,-68,1638631967684
10,0,25,D0:F0:18:43:F8:36,-70,1638631968188
10,0,26,D0:F0:18:43:F8:36,-70,1638631968690
10,0,27,D0:F0:18:43:F8:36,-69,1638631969193
10,0,28,D0:F0:18:43:F8:2A,-79,1638631969696
10,0,29,D0:F0:18:43:F8:47,-67,1638631970199
10,0,30,D0:F0:18:43:F8:47,-68,1638631970701
10,0,31,D0:F0:18:43:F8:36,-70,1638631971204
10,0,32,D0:F0:18:43:F8:36,-62,1638631971706
10,0,33,D0:F0:18:43:F8:36,-62,1638631972208
10,0,34,D0:F0:18:43:F8:2A,-79,1638631972711
10,0,35,D0:F0:18:43:F8:47,-67,1638631973215
10,0,36,D0:F0:18:43:F8:36,-69,1638631973718
10,0,37,D0:F0:18:43:F8:47,-65,1638631974220
10,0,38,D0:F0:18:43:F8:36,-74,1638631974723
10,0,39,D0:F0:18:43:F8:36,-62,1638631975226
10,0,40,D0:F0:18:43:F8:47,-62,1638631975729
10,0,41,D0:F0:18:43:F8:2A,-79,1638631976232
10,0,42,D0:F0:18:43:F8:36,-68,1638631976734
10,0,43,D0:F0:18:43:F8:47,-62,1638631977237
10,0,44,D0:F0:18:43:F8:2A,-79,1638631977739
10,0,45,D0:F0:18:43:F8:36,-70,1638631978241
10,0,46,D0:F0:18:43:F8:47,-66,1638631978744
10,0,47,D0:F0:18:43:F8:2A,-78,1638631979247
10,0,48,D0:F0:18:43:F8:47,-69,1638631979748
10,0,49,D0:F0:18:43:F8:36,-68,1638631980251
10,0,50,D0:F0:18:43:F8:47,-66,1638631980754
10,0,51,D0:F0:18:43:F8:36,-72,1638631981256
10,0,52,D0:F0:18:43:F8:36,-61,1638631981758
10,0,53,D0:F0:18:43:F8:47,-67,1638631982260
10,0,54,D0:F0:18:43:F8:2A,-75,1638631982763
10,0,55,D0:F0:18:43:F8:2A,-77,1638631983266
10,0,56,D0:F0:18:43:F8:47,-62,1638631983768
10,0,57,D0:F0:18:43:F8:2A,-77,1638631984271
10,0,58,D0:F0:18:43:F8:36,-69,1638631984773
10,0,59,D0:F0:18:43:F8:47,-67,1638631985275
10,0,60,D0:F0:18:43:F8:47,-68,1638631985777
10,0,61,D0:F0:18:43:F8:2A,-80,1638631986280
10,0,62,D0:F0:18:43:F8:47,-62,1638631986782
10,0,63,D0:F0:18:43:F8:47,-62,1638631987284
10,0,64,D0:F0:18:43:F8:2A,-73,1638631987786
10,0,65,D0:F0:18:43:F8:47,-64,1638631988289
10,0,66,D0:F0:18:43:F8:47,-66,1638631988792
10,0,67,D0:F0:18:43:F8:36,-69,1638631989295
10,0,68,D0:F0:18:43:F8:47,-66,1638631989798
10,0,69,D0:F0:18:43:F8:47,-65,1638631990301
10,0,70,D0:F0:18:43:F8:2A,-72,1638631990804
10,0,71,D0:F0:18:43:F8:36,-68,1638631991306
10,0,72,D0:F0:18:43:F8:47,-65,1638631991809
10,0,73,D0:F0:18:43:F8:36,-62,1638631992312
10,0,74,D0:F0:18:43:F8:36,-62,1638631992814
10,0,75,D0:F0:18:43:F8:36,-62,1638631993318
10,0,76,D0:F0:18:43:F8:47,-64,1638631993819
10,0,77,D0:F0:18:43:F8:2A,-73,1638631994322
10,0,78,D0:F0:18:43:F8:47,-66,1638631994826
10,0,79,D0:F0:18:43:F8:36,-62,1638631995327
10,0,80,D0:F0:18:43:F8:36,-62,1638631995830
10,0,81,D0:F0:18:43:F8:36,-62,1638631996333
10,0,82,D0:F0:18:43:F8:47,-62,1638631996835
10,0,83,D0:F0:18:43:F8:36,-69,1638631997337
10,0,84,D0:F0:18:43:F8:36,-71,1638631997838
10,0,85,D0:F0:18:43:F8:47,-65,1638631998340
10,0,86,D0:F0:18:43:F8:2A,-79,1638631998843
10,0,87,D0:F0:18:43:F8:36,-62,1638631999345
10,0,88,D0:F0:18:43:F8:47,-62,1638631999848
10,0,89,D0:F0:18:43:F8:47,-68,1638632000351
10,0,90,D0:F0:18:43:F8:47,-67,1638632000853
10,0,91,D0:F0:18:43:F8:47,-67,1638632001356
10,0,92,D0:F0:18:43:F8:36,-63,1638632001858
10,0,93,D0:F0:18:43:F8:36,-62,1638632002359
10,0,94,D0:F0:18:43:F8:47,-62,1638632002862
10,0,95,D0:F0:18:43:F8:47,-67,1638632003364
10,0,96,D0:F0:18:43:F8:36,-68,1638632003867
10,0,97,D0:F0:18:43:F8:47,-62,1638632004369
10,0,98,D0:F0:18:43:F8:47,-63,1638632004872
10,0,99,D0:F0:18:43:F8:2A,-72,1638632005373
10,0,100,D0:F0:18:43:F8:47,-68,1638632005876
10,0,101,D0:F0:18:43:F8:2A,-73,1638632006378
10,0,102,D0:F0:18:43:F8:36,-68,1638632006880
10,0,103,D0:F0:18:43:F8:47,-68,1638632007384
10,0,104,D0:F0:18:43:F8:47,-68,1638632007887
10,0,105,D0:F0:18:43:F8:47,-62,1638632008390
10,0,106,D0:F0:18:43:F8:47,-63,1638632008893
10,0,107,D0:F0:18:43:F8:47,-68,1638632009397
10,0,108,D0:F0:18:43:F8:36,-62,1638632009900
10,0,109,D0:F0:18:43:F8:47,-67,1638632010403
10,0,110,D0:F0:18:43:F8:36,-65,1638632010906
10,0,111,D0:F0:18:43:F8:2A,-79,1638632011408
10,0,112,D0:F0:18:43:F8:47,-63,1638632011910
10,0,113,D0:F0:18:43:F8:47,-67,1638632012413
10,0,114,D0:F0:18:43:F8:47,-65,1638632012916
10,0,115,D0:F0:18:43:F8:47,-65,1638632013419
10,0,116,D0:F0:18:43:F8:47,-64,1638632013923
10,0,117,D0:F0:18:43:F8:47,-66,1638632014425
10,0,118,D0:F0:18:43:F8:47,-63,1638632014928
10,0,119,D0:F0:18:43:F8:2A,-82,1638632015430
11,0,0,D0:F0:18:43:F8:47,-74,1638632018469
11,0,1,D0:F0:18:43:F8:2A,-75,1638632018974
11,0,2,D0:F0:18:43:F8:47,-77,1638632019477
11,0,3,D0:F0:18:43:F8:47,-68,1638632019980
11,0,4,D0:F0:18:43:F8:2A,-76,1638632020481
11,0,5,D0:F0:18:43:F8:47,-71,1638632020985
11,0,6,D0:F0:18:43:F8:47,-78,1638632021489
11,0,7,D0:F0:18:43:F8:36,-56,1638632021992
11,0,8,D0:F0:18:43:F8:47,-76,1638632022494
11,0,9,D0:F0:18:43:F8:2A,-74,1638632022996
11,0,10,D0:F0:18:43:F8:2A,-76,1638632023499
11,0,11,D0:F0:18:43:F8:36,-56,1638632024001
11,0,12,D0:F0:18:43:F8:47,-71,1638632024504
11,0,13,D0:F0:18:43:F8:36,-56,1638632025006
11,0,14,D0:F0:18:43:F8:47,-78,1638632025508
11,0,15,D0:F0:18:43:F8:36,-61,1638632026011
11,0,16,D0:F0:18:43:F8:36,-61,1638632026514
11,0,17,D0:F0:18:43:F8:2A,-78,1638632027018
11,0,18,D0:F0:18:43:F8:47,-79,1638632027521
11,0,19,D0:F0:18:43:F8:36,-56,1638632028024
11,0,20,D0:F0:18:43:F8:47,-80,1638632028526
11,0,21,D0:F0:18:43:F8:36,-56,1638632029028
11,0,22,D0:F0:18:43:F8:36,-61,1638632029531
11,0,23,D0:F0:18:43:F8:47,-85,1638632030032
11,0,24,D0:F0:18:43:F8:36,-56,1638632030535
11,0,25,D0:F0:18:43:F8:36,-55,1638632031037
11,0,26,D0:F0:18:43:F8:36,-62,1638632031540
11,0,27,D0:F0:18:43:F8:36,-55,1638632032042
11,0,28,D0:F0:18:43:F8:36,-56,1638632032544
11,0,29,D0:F0:18:43:F8:36,-58,1638632033048
11,0,30,D0:F0:18:43:F8:36,-54,1638632033550
11,0,31,D0:F0:18:43:F8:36,-62,1638632034053
11,0,32,D0:F0:18:43:F8:36,-56,1638632034556
11,0,33,D0:F0:18:43:F8:36,-56,1638632035059
11,0,34,D0:F0:18:43:F8:47,-75,1638632035561
11,0,35,D0:F0:18:43:F8:36,-55,1638632036064
11,0,36,D0:F0:18:43:F8:47,-80,1638632036567
11,0,37,D0:F0:18:43:F8:36,-55,1638632037070
11,0,38,D0:F0:18:43:F8:2A,-75,1638632037573
11,0,39,D0:F0:18:43:F8:2A,-75,1638632038075
11,0,40,D0:F0:18:43:F8:2A,-74,1638632038580
11,0,41,D0:F0:18:43:F8:47,-76,1638632039083
11,0,42,D0:F0:18:43:F8:47,-74,1638632039586
11,0,43,D0:F0:18:43:F8:36,-62,1638632040088
11,0,44,D0:F0:18:43:F8:47,-74,1638632040589
11,0,45,D0:F0:18:43:F8:47,-72,1638632041091
11,0,46,D0:F0:18:43:F8:36,-56,1638632041593
11,0,47,D0:F0:18:43:F8:47,-75,1638632042096
11,0,48,D0:F0:18:43:F8:2A,-77,1638632042599
11,0,49,D0:F0:18:43:F8:36,-58,1638632043102
11,0,50,D0:F0:18:43:F8:47,-78,1638632043604
11,0,51,D0:F0:18:43:F8:47,-77,1638632044108
11,0,52,D0:F0:18:43:F8:47,-70,1638632044611
11,0,53,D0:F0:18:43:F8:36,-62,1638632045114
11,0,54,D0:F0:18:43:F8:47,-72,1638632045617
11,0,55,D0:F0:18:43:F8:2A,-78,1638632046121
11,0,56,D0:F0:18:43:F8:47,-74,1638632046624
11,0,57,D0:F0:18:43:F8:36,-58,1638632047127
11,0,58,D0:F0:18:43:F8:36,-57,1638632047630
11,0,59,D0:F0:18:43:F8:36,-62,1638632048133
11,0,60,D0:F0:18:43:F8:36,-55,1638632048636
11,0,61,D0:F0:18:43:F8:36,-62,1638632049138
11,0,62,D0:F0:18:43:F8:47,-82,1638632049641
11,0,63,D0:F0:18:43:F8:2A,-76,1638632050143
11,0,64,D0:F0:18:43:F8:36,-58,1638632050646
11,0,65,D0:F0:18:43:F8:2A,-76,1638632051148
11,0,66,D0:F0:18:43:F8:47,-73,1638632051651
11,0,67,D0:F0:18:43:F8:47,-72,1638632052154
11,0,68,D0:F0:18:43:F8:36,-61,1638632052657
11,0,69,D0:F0:18:43:F8:47,-72,1638632053159
11,0,70,D0:F0:18:43:F8:47,-85,1638632053662
11,0,71,D0:F0:18:43:F8:36,-62,1638632054165
11,0,72,D0:F0:18:43:F8:36,-55,1638632054668
11,0,73,D0:F0:18:43:F8:36,-58,1638632055171
11,0,74,D0:F0:18:43:F8:36,-56,1638632055674
11,0,75,D0:F0:18:43:F8:36,-62,1638632056175
11,0,76,D0:F0:18:43:F8:36,-58,1638632056678
11,0,77,D0:F0:18:43:F8:47,-74,1638632057180
11,0,78,D0:F0:18:43:F8:2A,-79,1638632057683
11,0,79,D0:F0:18:43:F8:36,-62,1638632058186
11,0,80,D0:F0:18:43:F8:47,-75,1638632058687
11,0,81,D0:F0:18:43:F8:2A,-81,1638632059190
11,0,82,D0:F0:18:43:F8:36,-62,1638632059692
11,0,83,D0:F0:18:43:F8:2A,-78,1638632060195
11,0,84,D0:F0:18:43:F8:47,-75,1638632060698
11,0,85,D0:F0:18:43:F8:2A,-77,1638632061199
11,0,86,D0:F0:18:43:F8:47,-74,1638632061702
11,0,87,D0:F0:18:43:F8:36,-61,1638632062205
11,0,88,D0:F0:18:43:F8:36,-54,1638632062707
11,0,89,D0:F0:18:43:F8:36,-54,1638632063209
11,0,90,D0:F0:18:43:F8:47,-75,1638632063712
11,0,91,D0:F0:18:43:F8:36,-56,1638632064215
11,0,92,D0:F0:18:43:F8:2A,-76,1638632064718
11,0,93,D0:F0:18:43:F8:2A,-76,1638632065220
11,0,94,D0:F0:18:43:F8:36,-54,1638632065722
11,0,95,D0:F0:18:43:F8:47,-83,1638632066227
11,0,96,D0:F0:18:43:F8:36,-61,1638632066731
11,0,97,D0:F0:18:43:F8:2A,-77,1638632067232
11,0,98,D0:F0:18:43:F8:2A,-77,1638632067735
11,0,99,D0:F0:18:43:F8:36,-57,1638632068239
11,0,100,D0:F0:18:43:F8:36,-58,1638632068742
11,0,101,D0:F0:18:43:F8:47,-75,1638632069244
11,0,102,D0:F0:18:43:F8:47,-71,1638632069747
11,0,103,D0:F0:18:43:F8:2A,-80,1638632070249
11,0,104,D0:F0:18:43:F8:2A,-77,1638632070752
11,0,105,D0:F0:18:43:F8:36,-56,1638632071255
11,0,106,D0:F0:18:43:F8:36,-61,1638632071758
11,0,107,D0:F0:18:43:F8:2A,-76,1638632072261
11,0,108,D0:F0:18:43:F8:2A,-75,1638632072764
11,0,109,D0:F0:18:43:F8:2A,-75,1638632073267
11,0,110,D0:F0:18:43:F8:2A,-76,1638632073769
11,0,111,D0:F0:18:43:F8:36,-62,1638632074272
11,0,112,D0:F0:18:43:F8:2A,-76,1638632074774
11,0,113,D0:F0:18:43:F8:36,-61,1638632075278
11,0,114,D0:F0:18:43:F8:36,-57,1638632075780
11,0,115,D0:F0:18:43:F8:2A,-75,1638632076284
11,0,116,D0:F0:18:43:F8:36,-57,1638632076786
11,0,117,D0:F0:18:43:F8:47,-74,1638632077291
11,0,118,D0:F0:18:43:F8:2A,-77,1638632077795
11,0,119,D0:F0:18:43:F8:2A,-79,1638632078298
12,0,0,D0:F0:18:43:F8:36,-55,1638632082346
12,0,1,D0:F0:18:43:F8:2A,-78,1638632082849
12,0,2,D0:F0:18:43:F8:2A,-75,1638632083351
12,0,3,D0:F0:18:43:F8:47,-71,1638632083854
12,0,4,D0:F0:18:43:F8:36,-68,1638632084356
12,0,5,D0:F0:18:43:F8:36,-60,1638632084858
12,0,6,D0:F0:18:43:F8:36,-60,1638632085361
12,0,7,D0:F0:18:43:F8:36,-55,1638632085865
12,0,8,D0:F0:18:43:F8:36,-68,1638632086368
12,0,9,D0:F0:18:43:F8:36,-55,1638632086870
12,0,10,D0:F0:18:43:F8:47,-71,1638632087373
12,0,11,D0:F0:18:43:F8:36,-69,1638632087876
12,0,12,D0:F0:18:43:F8:36,-60,1638632088378
12,0,13,D0:F0:18:43:F8:36,-66,1638632088881
12,0,14,D0:F0:18:43:F8:2A,-70,1638632089383
12,0,15,D0:F0:18:43:F8:36,-54,1638632089884
12,0,16,D0:F0:18:43:F8:36,-54,1638632090387
12,0,17,D0:F0:18:43:F8:2A,-81,1638632090890
12,0,18,D0:F0:18:43:F8:47,-67,1638632091392
12,0,19,D0:F0:18:43:F8:47,-67,1638632091895
12,0,20,D0:F0:18:43:F8:36,-57,1638632092398
12,0,21,D0:F0:18:43:F8:47,-66,1638632092900
12,0,22,D0:F0:18:43:F8:47,-79,1638632093402
12,0,23,D0:F0:18:43:F8:36,-56,1638632093907
12,0,24,D0:F0:18:43:F8:47,-70,1638632094409
12,0,25,D0:F0:18:43:F8:36,-59,1638632094913
12,0,26,D0:F0:18:43:F8:36,-62,1638632095415
12,0,27,D0:F0:18:43:F8:2A,-78,1638632095917
12,0,28,D0:F0:18:43:F8:47,-74,1638632096419
12,0,29,D0:F0:18:43:F8:47,-65,1638632096921
12,0,30,D0:F0:18:43:F8:2A,-71,1638632097424
12,0,31,D0:F0:18:43:F8:47,-67,1638632097927
12,0,32,D0:F0:18:43:F8:47,-79,1638632098429
12,0,33,D0:F0:18:43:F8:47,-71,1638632098932
12,0,34,D0:F0:18:43:F8:47,-70,1638632099436
12,0,35,D0:F0:18:43:F8:47,-71,1638632099939
12,0,36,D0:F0:18:43:F8:2A,-80,1638632100442
12,0,37,D0:F0:18:43:F8:36,-55,1638632100945
12,0,38,D0:F0:18:43:F8:47,-65,1638632101447
12,0,39,D0:F0:18:43:F8:2A,-70,1638632101950
12,0,40,D0:F0:18:43:F8:47,-79,1638632102453
12,0,41,D0:F0:18:43:F8:36,-56,1638632102956
12,0,42,D0:F0:18:43:F8:47,-73,1638632103459
12,0,43,D0:F0:18:43:F8:47,-66,1638632103962
12,0,44,D0:F0:18:43:F8:47,-70,1638632104465
12,0,45,D0:F0:18:43:F8:47,-66,1638632104968
12,0,46,D0:F0:18:43:F8:2A,-69,1638632105470
12,0,47,D0:F0:18:43:F8:47,-64,1638632105972
12,0,48,D0:F0:18:43:F8:36,-56,1638632106475
12,0,49,D0:F0:18:43:F8:36,-56,1638632106978
12,0,50,D0:F0:18:43:F8:47,-71,1638632107480
12,0,51,D0:F0:18:43:F8:47,-65,1638632107983
12,0,52,D0:F0:18:43:F8:36,-59,1638632108486
12,0,53,D0:F0:18:43:F8:36,-56,1638632108987
12,0,54,D0:F0:18:43:F8:47,-65,1638632109490
12,0,55,D0:F0:18:43:F8:36,-55,1638632109993
12,0,56,D0:F0:18:43:F8:47,-72,1638632110495
12,0,57,D0:F0:18:43:F8:47,-77,1638632110998
12,0,58,D0:F0:18:43:F8:36,-66,1638632111501
12,0,59,D0:F0:18:43:F8:47,-71,1638632112002
12,0,60,D0:F0:18:43:F8:47,-66,1638632112505
12,0,61,D0:F0:18:43:F8:47,-65,1638632113008
12,0,62,D0:F0:18:43:F8:36,-55,1638632113511
12,0,63,D0:F0:18:43:F8:47,-74,1638632114015
12,0,64,D0:F0:18:43:F8:47,-68,1638632114518
12,0,65,D0:F0:18:43:F8:36,-60,1638632115022
12,0,66,D0:F0:18:43:F8:47,-72,1638632115524
12,0,67,D0:F0:18:43:F8:47,-69,1638632116026
12,0,68,D0:F0:18:43:F8:2A,-74,1638632116529
12,0,69,D0:F0:18:43:F8:36,-56,1638632117032
12,0,70,D0:F0:18:43:F8:47,-76,1638632117535
12,0,71,D0:F0:18:43:F8:47,-68,1638632118039
12,0,72,D0:F0:18:43:F8:36,-58,1638632118541
12,0,73,D0:F0:18:43:F8:47,-67,1638632119043
12,0,74,D0:F0:18:43:F8:47,-67,1638632119546
12,0,75,D0:F0:18:43:F8:36,-58,1638632120049
12,0,76,D0:F0:18:43:F8:47,-81,1638632120552
12,0,77,D0:F0:18:43:F8:47,-80,1638632121053
12,0,78,D0:F0:18:43:F8:47,-68,1638632121555
12,0,79,D0:F0:18:43:F8:47,-78,1638632122057
12,0,80,D0:F0:18:43:F8:2A,-72,1638632122560
12,0,81,D0:F0:18:43:F8:47,-69,1638632123062
12,0,82,D0:F0:18:43:F8:36,-56,1638632123564
12,0,83,D0:F0:18:43:F8:47,-68,1638632124069
12,0,84,D0:F0:18:43:F8:2A,-74,1638632124572
12,0,85,D0:F0:18:43:F8:2A,-80,1638632125073
12,0,86,D0:F0:18:43:F8:47,-68,1638632125576
12,0,87,D0:F0:18:43:F8:36,-61,1638632126078
12,0,88,D0:F0:18:43:F8:36,-57,1638632126581
12,0,89,D0:F0:18:43:F8:47,-76,1638632127085
12,0,90,D0:F0:18:43:F8:47,-67,1638632127588
12,0,91,D0:F0:18:43:F8:36,-56,1638632128091
12,0,92,D0:F0:18:43:F8:36,-56,1638632128594
12,0,93,D0:F0:18:43:F8:47,-76,1638632129096
12,0,94,D0:F0:18:43:F8:36,-61,1638632129599
12,0,95,D0:F0:18:43:F8:47,-68,1638632130102
12,0,96,D0:F0:18:43:F8:47,-67,1638632130605
12,0,97,D0:F0:18:43:F8:47,-67,1638632131107
12,0,98,D0:F0:18:43:F8:47,-69,1638632131610
12,0,99,D0:F0:18:43:F8:47,-73,1638632132113
12,0,100,D0:F0:18:43:F8:47,-75,1638632132615
12,0,101,D0:F0:18:43:F8:36,-62,1638632133116
12,0,102,D0:F0:18:43:F8:47,-73,1638632133619
12,0,103,D0:F0:18:43:F8:47,-67,1638632134122
12,0,104,D0:F0:18:43:F8:36,-56,1638632134625
12,0,105,D0:F0:18:43:F8:47,-77,1638632135127
12,0,106,D0:F0:18:43:F8:36,-62,1638632135630
12,0,107,D0:F0:18:43:F8:47,-67,1638632136133
12,0,108,D0:F0:18:43:F8:36,-61,1638632136636
12,0,109,D0:F0:18:43:F8:36,-57,1638632137138
12,0,110,D0:F0:18:43:F8:36,-58,1638632137641
12,0,111,D0:F0:18:43:F8:36,-56,1638632138144
12,0,112,D0:F0:18:43:F8:36,-63,1638632138647
12,0,113,D0:F0:18:43:F8:47,-81,1638632139149
12,0,114,D0:F0:18:43:F8:36,-62,1638632139651
12,0,115,D0:F0:18:43:F8:47,-68,1638632140154
12,0,116,D0:F0:18:43:F8:36,-58,1638632140657
12,0,117,D0:F0:18:43:F8:47,-78,1638632141160
12,0,118,D0:F0:18:43:F8:47,-80,1638632141663
12,0,119,D0:F0:18:43:F8:47,-70,1638632142166
13,0,0,D0:F0:18:43:F8:2A,-75,1638632145711
13,0,1,D0:F0:18:43:F8:47,-69,1638632146214
13,0,2,D0:F0:18:43:F8:2A,-77,1638632146715
13,0,3,D0:F0:18:43:F8:2A,-78,1638632147217
13,0,4,D0:F0:18:43:F8:36,-76,1638632147720
13,0,5,D0:F0:18:43:F8:2A,-74,1638632148221
13,0,6,D0:F0:18:43:F8:47,-70,1638632148724
13,0,7,D0:F0:18:43:F8:47,-78,1638632149226
13,0,8,D0:F0:18:43:F8:2A,-77,1638632149730
13,0,9,D0:F0:18:43:F8:2A,-74,1638632150233
13,0,10,D0:F0:18:43:F8:47,-69,1638632150736
13,0,11,D0:F0:18:43:F8:36,-70,1638632151238
13,0,12,D0:F0:18:43:F8:47,-69,1638632151741
13,0,13,D0:F0:18:43:F8:47,-69,1638632152244
13,0,14,D0:F0:18:43:F8:47,-73,1638632152748
13,0,15,D0:F0:18:43:F8:2A,-82,1638632153252
13,0,16,D0:F0:18:43:F8:36,-75,1638632153755
13,0,17,D0:F0:18:43:F8:36,-66,1638632154257
13,0,18,D0:F0:18:43:F8:36,-70,1638632154761
13,0,19,D0:F0:18:43:F8:47,-71,1638632155264
13,0,20,D0:F0:18:43:F8:47,-69,1638632155766
13,0,21,D0:F0:18:43:F8:2A,-77,1638632156268
13,0,22,D0:F0:18:43:F8:2A,-77,1638632156770
13,0,23,D0:F0:18:43:F8:36,-78,1638632157272
13,0,24,D0:F0:18:43:F8:36,-74,1638632157775
13,0,25,D0:F0:18:43:F8:2A,-74,1638632158278
13,0,26,D0:F0:18:43:F8:36,-64,1638632158779
13,0,27,D0:F0:18:43:F8:47,-70,1638632159282
13,0,28,D0:F0:18:43:F8:2A,-73,1638632159785
13,0,29,D0:F0:18:43:F8:47,-74,1638632160288
13,0,30,D0:F0:18:43:F8:47,-69,1638632160792
13,0,31,D0:F0:18:43:F8:47,-77,1638632161295
13,0,32,D0:F0:18:43:F8:36,-75,1638632161798
13,0,33,D0:F0:18:43:F8:36,-74,1638632162301
13,0,34,D0:F0:18:43:F8:47,-70,1638632162804
13,0,35,D0:F0:18:43:F8:36,-73,1638632163307
13,0,36,D0:F0:18:43:F8:47,-72,1638632163810
13,0,37,D0:F0:18:43:F8:36,-72,1638632164313
13,0,38,D0:F0:18:43:F8:47,-72,1638632164815
13,0,39,D0:F0:18:43:F8:36,-73,1638632165320
13,0,40,D0:F0:18:43:F8:36,-62,1638632165823
13,0,41,D0:F0:18:43:F8:2A,-76,1638632166325
13,0,42,D0:F0:18:43:F8:36,-62,1638632166828
13,0,43,D0:F0:18:43:F8:36,-62,1638632167330
13,0,44,D0:F0:18:43:F8:47,-73,1638632167832
13,0,45,D0:F0:18:43:F8:36,-62,1638632168336
13,0,46,D0:F0:18:43:F8:36,-62,1638632168839
13,0,47,D0:F0:18:43:F8:47,-70,1638632169340
13,0,48,D0:F0:18:43:F8:2A,-76,1638632169843
13,0,49,D0:F0:18:43:F8:36,-72,1638632170347
13,0,50,D0:F0:18:43:F8:36,-62,1638632170849
13,0,51,D0:F0:18:43:F8:47,-72,1638632171352
13,0,52,D0:F0:18:43:F8:36,-63,1638632171855
13,0,53,D0:F0:18:43:F8:47,-73,1638632172358
13,0,54,D0:F0:18:43:F8:2A,-77,1638632172861
13,0,55,D0:F0:18:43:F8:36,-62,1638632173363
13,0,56,D0:F0:18:43:F8:36,-61,1638632173866
13,0,57,D0:F0:18:43:F8:47,-71,1638632174369
13,0,58,D0:F0:18:43:F8:36,-63,1638632174872
13,0,59,D0:F0:18:43:F8:36,-63,1638632175375
13,0,60,D0:F0:18:43:F8:47,-76,1638632175878
13,0,61,D0:F0:18:43:F8:2A,-77,1638632176381
13,0,62,D0:F0:18:43:F8:36,-62,1638632176882
13,0,63,D0:F0:18:43:F8:47,-73,1638632177385
13,0,64,D0:F0:18:43:F8:2A,-76,1638632177888
13,0,65,D0:F0:18:43:F8:36,-74,1638632178391
13,0,66,D0:F0:18:43:F8:47,-71,1638632178894
13,0,67,D0:F0:18:43:F8:2A,-77,1638632179397
13,0,68,D0:F0:18:43:F8:36,-62,1638632179899
13,0,69,D0:F0:18:43:F8:47,-81,1638632180402
13,0,70,D0:F0:18:43:F8:36,-62,1638632180905
13,0,71,D0:F0:18:43:F8:2A,-77,1638632181407
13,0,72,D0:F0:18:43:F8:47,-71,1638632181910
13,0,73,D0:F0:18:43:F8:36,-63,1638632182412
13,0,74,D0:F0:18:43:F8:2A,-74,1638632182914
13,0,75,D0:F0:18:43:F8:47,-72,1638632183417
13,0,76,D0:F0:18:43:F8:36,-76,1638632183920
13,0,77,D0:F0:18:43:F8:47,-79,1638632184422
13,0,78,D0:F0:18:43:F8:47,-71,1638632184925
13,0,79,D0:F0:18:43:F8:36,-62,1638632185427
13,0,80,D0:F0:18:43:F8:2A,-73,1638632185929
13,0,81,D0:F0:18:43:F8:36,-76,1638632186432
13,0,82,D0:F0:18:43:F8:36,-62,1638632186935
13,0,83,D0:F0:18:43:F8:2A,-76,1638632187438
13,0,84,D0:F0:18:43:F8:2A,-74,1638632187939
13,0,85,D0:F0:18:43:F8:36,-63,1638632188441
13,0,86,D0:F0:18:43:F8:2A,-76,1638632188944
13,0,87,D0:F0:18:43:F8:2A,-75,1638632189447
13,0,88,D0:F0:18:43:F8:36,-62,1638632189949
13,0,89,D0:F0:18:43:F8:47,-72,1638632190452
13,0,90,D0:F0:18:43:F8:47,-72,1638632190956
13,0,91,D0:F0:18:43:F8:2A,-77,1638632191459
13,0,92,D0:F0:18:43:F8:47,-71,1638632191961
13,0,93,D0:F0:18:43:F8:47,-72,1638632192464
13,0,94,D0:F0:18:43:F8:2A,-80,1638632192968
13,0,95,D0:F0:18:43:F8:2A,-78,1638632193471
13,0,96,D0:F0:18:43:F8:47,-70,1638632193975
13,0,97,D0:F0:18:43:F8:47,-71,1638632194478
13,0,98,D0:F0:18:43:F8:36,-64,1638632194981
13,0,99,D0:F0:18:43:F8:47,-79,1638632195484
13,0,100,D0:F0:18:43:F8:2A,-79,1638632195986
13,0,101,D0:F0:18:43:F8:47,-75,1638632196489
13,0,102,D0:F0:18:43:F8:47,-68,1638632196992
13,0,103,D0:F0:18:43:F8:2A,-75,1638632197495
13,0,104,D0:F0:18:43:F8:2A,-76,1638632197998
13,0,105,D0:F0:18:43:F8:47,-73,1638632198501
13,0,106,D0:F0:18:43:F8:47,-83,1638632199004
13,0,107,D0:F0:18:43:F8:36,-63,1638632199506
13,0,108,D0:F0:18:43:F8:2A,-78,1638632200009
13,0,109,D0:F0:18:43:F8:47,-69,1638632200512
13,0,110,D0:F0:18:43:F8:36,-62,1638632201015
13,0,111,D0:F0:18:43:F8:2A,-77,1638632201517
13,0,112,D0:F0:18:43:F8:47,-71,1638632202020
13,0,113,D0:F0:18:43:F8:47,-73,1638632202522
13,0,114,D0:F0:18:43:F8:2A,-77,1638632203025
13,0,115,D0:F0:18:43:F8:47,-69,1638632203529
13,0,116,D0:F0:18:43:F8:36,-62,1638632204032
13,0,117,D0:F0:18:43:F8:2A,-74,1638632204535
13,0,118,D0:F0:18:43:F8:2A,-77,1638632205038
13,0,119,D0:F0:18:43:F8:47,-73,1638632205541
14,0,0,D0:F0:18:43:F8:47,-76,1638632209082
14,0,1,D0:F0:18:43:F8:2A,-77,1638632209584
14,0,2,D0:F0:18:43:F8:2A,-75,1638632210086
14,0,3,D0:F0:18:43:F8:47,-76,1638632210589
14,0,4,D0:F0:18:43:F8:36,-67,1638632211092
14,0,5,D0:F0:18:43:F8:2A,-81,1638632211595
14,0,6,D0:F0:18:43:F8:36,-66,1638632211843
14,0,7,D0:F0:18:43:F8:2A,-73,1638632212499
14,0,8,D0:F0:18:43:F8:36,-72,1638632213001
14,0,9,D0:F0:18:43:F8:36,-67,1638632213504
14,0,10,D0:F0:18:43:F8:2A,-78,1638632214006
14,0,11,D0:F0:18:43:F8:2A,-77,1638632214508
14,0,12,D0:F0:18:43:F8:2A,-73,1638632215010
14,0,13,D0:F0:18:43:F8:2A,-73,1638632215511
14,0,14,D0:F0:18:43:F8:2A,-73,1638632216013
14,0,15,D0:F0:18:43:F8:2A,-73,1638632216515
14,0,16,D0:F0:18:43:F8:2A,-73,1638632217018
14,0,17,D0:F0:18:43:F8:2A,-73,1638632217520
14,0,18,D0:F0:18:43:F8:2A,-73,1638632218022
14,0,19,D0:F0:18:43:F8:36,-67,1638632218525
14,0,20,D0:F0:18:43:F8:2A,-77,1638632219027
14,0,21,D0:F0:18:43:F8:36,-69,1638632219530
14,0,22,D0:F0:18:43:F8:2A,-73,1638632220032
14,0,23,D0:F0:18:43:F8:2A,-72,1638632220536
14,0,24,D0:F0:18:43:F8:2A,-75,1638632221037
14,0,25,D0:F0:18:43:F8:36,-67,1638632221539
14,0,26,D0:F0:18:43:F8:36,-67,1638632222042
14,0,27,D0:F0:18:43:F8:36,-70,1638632222545
14,0,28,D0:F0:18:43:F8:36,-69,1638632223047
14,0,29,D0:F0:18:43:F8:2A,-72,1638632223550
14,0,30,D0:F0:18:43:F8:36,-67,1638632224052
14,0,31,D0:F0:18:43:F8:36,-70,1638632224556
14,0,32,D0:F0:18:43:F8:36,-70,1638632225058
14,0,33,D0:F0:18:43:F8:36,-70,1638632225560
14,0,34,D0:F0:18:43:F8:36,-70,1638632226063
14,0,35,D0:F0:18:43:F8:2A,-72,1638632226565
14,0,36,D0:F0:18:43:F8:36,-70,1638632227067
14,0,37,D0:F0:18:43:F8:36,-67,1638632227569
14,0,38,D0:F0:18:43:F8:36,-69,1638632228072
14,0,39,D0:F0:18:43:F8:47,-84,1638632228575
14,0,40,D0:F0:18:43:F8:36,-70,1638632229077
14,0,41,D0:F0:18:43:F8:47,-81,1638632229580
14,0,42,D0:F0:18:43:F8:36,-70,1638632230083
14,0,43,D0:F0:18:43:F8:36,-68,1638632230585
14,0,44,D0:F0:18:43:F8:2A,-72,1638632231088
14,0,45,D0:F0:18:43:F8:2A,-78,1638632231591
14,0,46,D0:F0:18:43:F8:36,-70,1638632232094
14,0,47,D0:F0:18:43:F8:2A,-73,1638632232597
14,0,48,D0:F0:18:43:F8:2A,-73,1638632233100
14,0,49,D0:F0:18:43:F8:36,-67,1638632233603
14,0,50,D0:F0:18:43:F8:36,-69,1638632234107
14,0,51,D0:F0:18:43:F8:2A,-77,1638632234608
14,0,52,D0:F0:18:43:F8:36,-68,1638632235111
14,0,53,D0:F0:18:43:F8:36,-67,1638632235614
14,0,54,D0:F0:18:43:F8:47,-77,1638632236116
14,0,55,D0:F0:18:43:F8:36,-66,1638632236619
14,0,56,D0:F0:18:43:F8:36,-67,1638632237121
14,0,57,D0:F0:18:43:F8:2A,-77,1638632237624
14,0,58,D0:F0:18:43:F8:47,-80,1638632238127
14,0,59,D0:F0:18:43:F8:36,-70,1638632238630
14,0,60,D0:F0:18:43:F8:2A,-72,1638632239134
14,0,61,D0:F0:18:43:F8:36,-67,1638632239637
14,0,62,D0:F0:18:43:F8:36,-66,1638632240140
14,0,63,D0:F0:18:43:F8:2A,-72,1638632240643
14,0,64,D0:F0:18:43:F8:2A,-72,1638632241145
14,0,65,D0:F0:18:43:F8:36,-70,1638632241647
14,0,66,D0:F0:18:43:F8:36,-69,1638632242150
14,0,67,D0:F0:18:43:F8:2A,-80,1638632242652
14,0,68,D0:F0:18:43:F8:36,-70,1638632243154
14,0,69,D0:F0:18:43:F8:2A,-71,1638632243657
14,0,70,D0:F0:18:43:F8:2A,-71,1638632244160
14,0,71,D0:F0:18:43:F8:2A,-74,1638632244663
14,0,72,D0:F0:18:43:F8:36,-69,1638632245166
14,0,73,D0:F0:18:43:F8:47,-77,1638632245668
14,0,74,D0:F0:18:43:F8:47,-80,1638632246170
14,0,75,D0:F0:18:43:F8:36,-70,1638632246673
14,0,76,D0:F0:18:43:F8:2A,-75,1638632247176
14,0,77,D0:F0:18:43:F8:47,-78,1638632247679
14,0,78,D0:F0:18:43:F8:2A,-74,1638632248182
14,0,79,D0:F0:18:43:F8:47,-79,1638632248684
14,0,80,D0:F0:18:43:F8:47,-81,1638632249186
14,0,81,D0:F0:18:43:F8:36,-69,1638632249688
14,0,82,D0:F0:18:43:F8:47,-78,1638632250190
14,0,83,D0:F0:18:43:F8:47,-76,1638632250693
14,0,84,D0:F0:18:43:F8:36,-68,1638632251196
14,0,85,D0:F0:18:43:F8:36,-66,1638632251699
14,0,86,D0:F0:18:43:F8:2A,-73,1638632252201
14,0,87,D0:F0:18:43:F8:2A,-73,1638632252704
14,0,88,D0:F0:18:43:F8:36,-69,1638632253206
14,0,89,D0:F0:18:43:F8:36,-67,1638632253709
14,0,90,D0:F0:18:43:F8:36,-67,1638632254211
14,0,91,D0:F0:18:43:F8:36,-66,1638632254714
14,0,92,D0:F0:18:43:F8:36,-67,1638632255217
14,0,93,D0:F0:18:43:F8:2A,-74,1638632255720
14,0,94,D0:F0:18:43:F8:36,-69,1638632256223
14,0,95,D0:F0:18:43:F8:36,-68,1638632256726
14,0,96,D0:F0:18:43:F8:2A,-72,1638632257229
14,0,97,D0:F0:18:43:F8:36,-66,1638632257732
14,0,98,D0:F0:18:43:F8:36,-69,1638632258235
14,0,99,D0:F0:18:43:F8:2A,-73,1638632258737
14,0,100,D0:F0:18:43:F8:47,-82,1638632259240
14,0,101,D0:F0:18:43:F8:36,-66,1638632259743
14,0,102,D0:F0:18:43:F8:36,-69,1638632260246
14,0,103,D0:F0:18:43:F8:36,-70,1638632260749
14,0,104,D0:F0:18:43:F8:47,-77,1638632261252
14,0,105,D0:F0:18:43:F8:36,-67,1638632261755
14,0,106,D0:F0:18:43:F8:2A,-74,1638632262258
14,0,107,D0:F0:18:43:F8:2A,-72,1638632262761
14,0,108,D0:F0:18:43:F8:47,-77,1638632263263
14,0,109,D0:F0:18:43:F8:2A,-78,1638632263765
14,0,110,D0:F0:18:43:F8:47,-79,1638632264268
14,0,111,D0:F0:18:43:F8:2A,-72,1638632264770
14,0,112,D0:F0:18:43:F8:2A,-74,1638632265273
14,0,113,D0:F0:18:43:F8:2A,-73,1638632265775
14,0,114,D0:F0:18:43:F8:47,-81,1638632266278
14,0,115,D0:F0:18:43:F8:36,-65,1638632266780
14,0,116,D0:F0:18:43:F8:2A,-77,1638632267283
14,0,117,D0:F0:18:43:F8:2A,-72,1638632267785
14,0,118,D0:F0:18:43:F8:36,-67,1638632268287
14,0,119,D0:F0:18:43:F8:2A,-74,1638632268791
