0,0,0,D0:F0:18:43:F8:2A,-71,1638629444217
0,0,1,D0:F0:18:43:F8:36,-79,1638629444722
0,0,2,D0:F0:18:43:F8:2A,-82,1638629445227
0,0,3,D0:F0:18:43:F8:47,-77,1638629445734
0,0,4,D0:F0:18:43:F8:2A,-79,1638629446240
0,0,5,D0:F0:18:43:F8:36,-80,1638629446744
0,0,6,D0:F0:18:43:F8:36,-86,1638629447250
0,0,7,D0:F0:18:43:F8:47,-81,1638629447754
0,0,8,D0:F0:18:43:F8:47,-85,1638629448259
0,0,9,D0:F0:18:43:F8:36,-79,1638629448764
0,0,10,D0:F0:18:43:F8:47,-81,1638629449271
0,0,11,D0:F0:18:43:F8:36,-78,1638629449776
0,0,12,D0:F0:18:43:F8:36,-79,1638629450282
0,0,13,D0:F0:18:43:F8:36,-80,1638629450787
0,0,14,D0:F0:18:43:F8:2A,-68,1638629451292
0,0,15,D0:F0:18:43:F8:36,-78,1638629451798
0,0,16,D0:F0:18:43:F8:36,-80,1638629452303
0,0,17,D0:F0:18:43:F8:2A,-67,1638629452810
0,0,18,D0:F0:18:43:F8:36,-88,1638629453343
0,0,19,D0:F0:18:43:F8:36,-78,1638629453850
0,0,20,D0:F0:18:43:F8:36,-78,1638629454354
0,0,21,D0:F0:18:43:F8:36,-78,1638629454859
0,0,22,D0:F0:18:43:F8:2A,-81,1638629455362
0,0,23,D0:F0:18:43:F8:47,-76,1638629455869
0,0,24,D0:F0:18:43:F8:2A,-69,1638629456374
0,0,25,D0:F0:18:43:F8:47,-79,1638629456879
0,0,26,D0:F0:18:43:F8:47,-81,1638629457384
0,0,27,D0:F0:18:43:F8:47,-80,1638629457890
0,0,28,D0:F0:18:43:F8:2A,-85,1638629458394
0,0,29,D0:F0:18:43:F8:2A,-67,1638629458899
0,0,30,D0:F0:18:43:F8:2A,-67,1638629459404
0,0,31,D0:F0:18:43:F8:2A,-70,1638629459909
0,0,32,D0:F0:18:43:F8:36,-86,1638629460413
0,0,33,D0:F0:18:43:F8:36,-86,1638629460919
0,0,34,D0:F0:18:43:F8:47,-76,1638629461423
0,0,35,D0:F0:18:43:F8:47,-79,1638629461928
0,0,36,D0:F0:18:43:F8:36,-78,1638629462433
0,0,37,D0:F0:18:43:F8:36,-79,1638629462938
0,0,38,D0:F0:18:43:F8:2A,-67,1638629463442
0,0,39,D0:F0:18:43:F8:47,-77,1638629463946
0,0,40,D0:F0:18:43:F8:36,-81,1638629464451
0,0,41,D0:F0:18:43:F8:47,-77,1638629464955
0,0,42,D0:F0:18:43:F8:47,-81,1638629465461
0,0,43,D0:F0:18:43:F8:36,-79,1638629465968
0,0,44,D0:F0:18:43:F8:36,-78,1638629466472
0,0,45,D0:F0:18:43:F8:2A,-67,1638629466977
0,0,46,D0:F0:18:43:F8:47,-82,1638629467482
0,0,47,D0:F0:18:43:F8:36,-77,1638629467987
0,0,48,D0:F0:18:43:F8:47,-83,1638629468492
0,0,49,D0:F0:18:43:F8:36,-77,1638629468997
0,0,50,D0:F0:18:43:F8:36,-79,1638629469502
0,0,51,D0:F0:18:43:F8:36,-78,1638629470007
0,0,52,D0:F0:18:43:F8:2A,-69,1638629470512
0,0,53,D0:F0:18:43:F8:2A,-69,1638629471017
0,0,54,D0:F0:18:43:F8:36,-79,1638629471523
0,0,55,D0:F0:18:43:F8:2A,-81,1638629472026
0,0,56,D0:F0:18:43:F8:47,-79,1638629472531
0,0,57,D0:F0:18:43:F8:36,-79,1638629473036
0,0,58,D0:F0:18:43:F8:2A,-67,1638629473540
0,0,59,D0:F0:18:43:F8:2A,-69,1638629474046
0,0,60,D0:F0:18:43:F8:2A,-69,1638629474551
0,0,61,D0:F0:18:43:F8:47,-77,1638629475056
0,0,62,D0:F0:18:43:F8:2A,-82,1638629475560
0,0,63,D0:F0:18:43:F8:36,-77,1638629476064
0,0,64,D0:F0:18:43:F8:36,-80,1638629476568
0,0,65,D0:F0:18:43:F8:47,-78,1638629477073
0,0,66,D0:F0:18:43:F8:2A,-67,1638629477577
0,0,67,D0:F0:18:43:F8:47,-80,1638629478082
0,0,68,D0:F0:18:43:F8:2A,-69,1638629478586
0,0,69,D0:F0:18:43:F8:2A,-69,1638629479091
0,0,70,D0:F0:18:43:F8:2A,-82,1638629479595
0,0,71,D0:F0:18:43:F8:36,-78,1638629480098
0,0,72,D0:F0:18:43:F8:47,-77,1638629480604
0,0,73,D0:F0:18:43:F8:2A,-69,1638629481108
0,0,74,D0:F0:18:43:F8:36,-79,1638629481612
0,0,75,D0:F0:18:43:F8:47,-76,1638629482116
0,0,76,D0:F0:18:43:F8:47,-74,1638629482619
0,0,77,D0:F0:18:43:F8:47,-80,1638629483125
0,0,78,D0:F0:18:43:F8:36,-79,1638629483628
0,0,79,D0:F0:18:43:F8:2A,-67,1638629484134
0,0,80,D0:F0:18:43:F8:2A,-67,1638629484638
0,0,81,D0:F0:18:43:F8:36,-76,1638629485141
0,0,82,D0:F0:18:43:F8:2A,-81,1638629485646
0,0,83,D0:F0:18:43:F8:2A,-67,1638629486149
0,0,84,D0:F0:18:43:F8:2A,-68,1638629486653
0,0,85,D0:F0:18:43:F8:2A,-68,1638629487156
0,0,86,D0:F0:18:43:F8:2A,-85,1638629487661
0,0,87,D0:F0:18:43:F8:2A,-68,1638629488164
0,0,88,D0:F0:18:43:F8:47,-84,1638629488670
0,0,89,D0:F0:18:43:F8:2A,-69,1638629489174
0,0,90,D0:F0:18:43:F8:47,-75,1638629489678
0,0,91,D0:F0:18:43:F8:47,-76,1638629490181
0,0,92,D0:F0:18:43:F8:2A,-82,1638629490686
0,0,93,D0:F0:18:43:F8:47,-84,1638629491190
0,0,94,D0:F0:18:43:F8:2A,-82,1638629491694
0,0,95,D0:F0:18:43:F8:47,-85,1638629492197
0,0,96,D0:F0:18:43:F8:47,-84,1638629492701
0,0,97,D0:F0:18:43:F8:2A,-69,1638629493205
0,0,98,D0:F0:18:43:F8:2A,-70,1638629493708
0,0,99,D0:F0:18:43:F8:36,-78,1638629494213
0,0,100,D0:F0:18:43:F8:2A,-67,1638629494716
0,0,101,D0:F0:18:43:F8:47,-75,1638629495220
0,0,102,D0:F0:18:43:F8:2A,-67,1638629495725
0,0,103,D0:F0:18:43:F8:2A,-82,1638629496228
0,0,104,D0:F0:18:43:F8:36,-77,1638629496732
0,0,105,D0:F0:18:43:F8:36,-77,1638629497235
0,0,106,D0:F0:18:43:F8:36,-78,1638629497739
0,0,107,D0:F0:18:43:F8:36,-77,1638629498243
0,0,108,D0:F0:18:43:F8:36,-80,1638629498746
0,0,109,D0:F0:18:43:F8:47,-84,1638629499250
0,0,110,D0:F0:18:43:F8:47,-76,1638629499753
0,0,111,D0:F0:18:43:F8:47,-76,1638629500257
0,0,112,D0:F0:18:43:F8:36,-77,1638629500762
0,0,113,D0:F0:18:43:F8:36,-80,1638629501266
0,0,114,D0:F0:18:43:F8:47,-80,1638629501769
0,0,115,D0:F0:18:43:F8:36,-79,1638629502273
0,0,116,D0:F0:18:43:F8:2A,-67,1638629502777
0,0,117,D0:F0:18:43:F8:2A,-67,1638629503280
0,0,118,D0:F0:18:43:F8:36,-84,1638629503784
0,0,119,D0:F0:18:43:F8:47,-77,1638629504288
1,0,0,D0:F0:18:43:F8:2A,-71,1638629508844
1,0,1,D0:F0:18:43:F8:2A,-72,1638629509351
1,0,2,D0:F0:18:43:F8:2A,-68,1638629509857
1,0,3,D0:F0:18:43:F8:2A,-66,1638629510360
1,0,4,D0:F0:18:43:F8:47,-81,1638629510863
1,0,5,D0:F0:18:43:F8:2A,-65,1638629511368
1,0,6,D0:F0:18:43:F8:2A,-69,1638629511872
1,0,7,D0:F0:18:43:F8:47,-86,1638629512375
1,0,8,D0:F0:18:43:F8:36,-79,1638629512879
1,0,9,D0:F0:18:43:F8:36,-86,1638629513382
1,0,10,D0:F0:18:43:F8:47,-82,1638629513886
1,0,11,D0:F0:18:43:F8:36,-76,1638629514389
1,0,12,D0:F0:18:43:F8:36,-76,1638629514900
1,0,13,D0:F0:18:43:F8:2A,-70,1638629515403
1,0,14,D0:F0:18:43:F8:47,-83,1638629515905
1,0,15,D0:F0:18:43:F8:36,-77,1638629516408
1,0,16,D0:F0:18:43:F8:2A,-67,1638629516911
1,0,17,D0:F0:18:43:F8:47,-86,1638629517415
1,0,18,D0:F0:18:43:F8:2A,-67,1638629517919
1,0,19,D0:F0:18:43:F8:2A,-67,1638629518422
1,0,20,D0:F0:18:43:F8:36,-78,1638629518925
1,0,21,D0:F0:18:43:F8:2A,-67,1638629519428
1,0,22,D0:F0:18:43:F8:2A,-67,1638629519932
1,0,23,D0:F0:18:43:F8:2A,-67,1638629520435
1,0,24,D0:F0:18:43:F8:47,-79,1638629520939
1,0,25,D0:F0:18:43:F8:2A,-71,1638629521444
1,0,26,D0:F0:18:43:F8:2A,-66,1638629521947
1,0,27,D0:F0:18:43:F8:36,-81,1638629522451
1,0,28,D0:F0:18:43:F8:2A,-67,1638629522955
1,0,29,D0:F0:18:43:F8:2A,-67,1638629523458
1,0,30,D0:F0:18:43:F8:36,-88,1638629523961
1,0,31,D0:F0:18:43:F8:47,-78,1638629524465
1,0,32,D0:F0:18:43:F8:2A,-68,1638629524968
1,0,33,D0:F0:18:43:F8:36,-77,1638629525471
1,0,34,D0:F0:18:43:F8:2A,-67,1638629525975
1,0,35,D0:F0:18:43:F8:47,-88,1638629526478
1,0,36,D0:F0:18:43:F8:47,-77,1638629526981
1,0,37,D0:F0:18:43:F8:2A,-67,1638629527486
1,0,38,D0:F0:18:43:F8:47,-84,1638629527989
1,0,39,D0:F0:18:43:F8:2A,-67,1638629528492
1,0,40,D0:F0:18:43:F8:47,-80,1638629528996
1,0,41,D0:F0:18:43:F8:47,-82,1638629529500
1,0,42,D0:F0:18:43:F8:2A,-69,1638629530004
1,0,43,D0:F0:18:43:F8:36,-73,1638629530508
1,0,44,D0:F0:18:43:F8:47,-81,1638629531012
1,0,45,D0:F0:18:43:F8:47,-90,1638629531515
1,0,46,D0:F0:18:43:F8:47,-81,1638629532019
1,0,47,D0:F0:18:43:F8:2A,-65,1638629532520
1,0,48,D0:F0:18:43:F8:47,-80,1638629533024
1,0,49,D0:F0:18:43:F8:47,-80,1638629533527
1,0,50,D0:F0:18:43:F8:36,-74,1638629534030
1,0,51,D0:F0:18:43:F8:36,-85,1638629534533
1,0,52,D0:F0:18:43:F8:2A,-66,1638629535037
1,0,53,D0:F0:18:43:F8:36,-82,1638629535540
1,0,54,D0:F0:18:43:F8:2A,-69,1638629536042
1,0,55,D0:F0:18:43:F8:47,-80,1638629536545
1,0,56,D0:F0:18:43:F8:36,-74,1638629537047
1,0,57,D0:F0:18:43:F8:36,-83,1638629537549
1,0,58,D0:F0:18:43:F8:47,-81,1638629538052
1,0,59,D0:F0:18:43:F8:2A,-69,1638629538554
1,0,60,D0:F0:18:43:F8:36,-85,1638629539056
1,0,61,D0:F0:18:43:F8:47,-83,1638629539558
1,0,62,D0:F0:18:43:F8:47,-88,1638629540061
1,0,63,D0:F0:18:43:F8:2A,-66,1638629540566
1,0,64,D0:F0:18:43:F8:47,-81,1638629541069
1,0,65,D0:F0:18:43:F8:47,-78,1638629541572
1,0,66,D0:F0:18:43:F8:2A,-65,1638629542075
1,0,67,D0:F0:18:43:F8:47,-80,1638629542578
1,0,68,D0:F0:18:43:F8:47,-79,1638629543081
1,0,69,D0:F0:18:43:F8:47,-80,1638629543584
1,0,70,D0:F0:18:43:F8:2A,-69,1638629544087
1,0,71,D0:F0:18:43:F8:47,-85,1638629544590
1,0,72,D0:F0:18:43:F8:36,-80,1638629545093
1,0,73,D0:F0:18:43:F8:36,-79,1638629545596
1,0,74,D0:F0:18:43:F8:36,-73,1638629546099
1,0,75,D0:F0:18:43:F8:2A,-66,1638629546602
1,0,76,D0:F0:18:43:F8:47,-80,1638629547104
1,0,77,D0:F0:18:43:F8:2A,-66,1638629547608
1,0,78,D0:F0:18:43:F8:2A,-69,1638629548111
1,0,79,D0:F0:18:43:F8:2A,-66,1638629548615
1,0,80,D0:F0:18:43:F8:36,-80,1638629549118
1,0,81,D0:F0:18:43:F8:2A,-67,1638629549621
1,0,82,D0:F0:18:43:F8:2A,-65,1638629550124
1,0,83,D0:F0:18:43:F8:36,-82,1638629550627
1,0,84,D0:F0:18:43:F8:2A,-69,1638629551131
1,0,85,D0:F0:18:43:F8:2A,-69,1638629551634
1,0,86,D0:F0:18:43:F8:36,-81,1638629552138
1,0,87,D0:F0:18:43:F8:36,-79,1638629552641
1,0,88,D0:F0:18:43:F8:2A,-67,1638629553145
1,0,89,D0:F0:18:43:F8:2A,-67,1638629553648
1,0,90,D0:F0:18:43:F8:36,-81,1638629554150
1,0,91,D0:F0:18:43:F8:2A,-67,1638629554654
1,0,92,D0:F0:18:43:F8:2A,-70,1638629555157
1,0,93,D0:F0:18:43:F8:36,-75,1638629555660
1,0,94,D0:F0:18:43:F8:2A,-66,1638629556164
1,0,95,D0:F0:18:43:F8:2A,-66,1638629556668
1,0,96,D0:F0:18:43:F8:36,-89,1638629557171
1,0,97,D0:F0:18:43:F8:2A,-69,1638629557674
1,0,98,D0:F0:18:43:F8:2A,-68,1638629558177
1,0,99,D0:F0:18:43:F8:36,-79,1638629558680
1,0,100,D0:F0:18:43:F8:36,-75,1638629559183
1,0,101,D0:F0:18:43:F8:2A,-69,1638629559686
1,0,102,D0:F0:18:43:F8:47,-87,1638629560189
1,0,103,D0:F0:18:43:F8:2A,-77,1638629560692
1,0,104,D0:F0:18:43:F8:2A,-65,1638629561196
1,0,105,D0:F0:18:43:F8:47,-82,1638629561701
1,0,106,D0:F0:18:43:F8:2A,-64,1638629562205
1,0,107,D0:F0:18:43:F8:2A,-63,1638629562708
1,0,108,D0:F0:18:43:F8:47,-76,1638629563211
1,0,109,D0:F0:18:43:F8:47,-76,1638629563714
1,0,110,D0:F0:18:43:F8:47,-81,1638629564216
1,0,111,D0:F0:18:43:F8:2A,-69,1638629564719
1,0,112,D0:F0:18:43:F8:47,-88,1638629565222
1,0,113,D0:F0:18:43:F8:47,-89,1638629565724
1,0,114,D0:F0:18:43:F8:2A,-65,1638629566227
1,0,115,D0:F0:18:43:F8:36,-79,1638629566730
1,0,116,D0:F0:18:43:F8:2A,-64,1638629567233
1,0,117,D0:F0:18:43:F8:2A,-69,1638629567736
1,0,118,D0:F0:18:43:F8:2A,-64,1638629568240
1,0,119,D0:F0:18:43:F8:2A,-68,1638629568744
2,0,0,D0:F0:18:43:F8:2A,-70,1638629572799
2,0,1,D0:F0:18:43:F8:47,-75,1638629573304
2,0,2,D0:F0:18:43:F8:36,-78,1638629573810
2,0,3,D0:F0:18:43:F8:2A,-77,1638629574313
2,0,4,D0:F0:18:43:F8:47,-78,1638629574816
2,0,5,D0:F0:18:43:F8:47,-77,1638629575318
2,0,6,D0:F0:18:43:F8:47,-78,1638629575821
2,0,7,D0:F0:18:43:F8:47,-80,1638629576325
2,0,8,D0:F0:18:43:F8:47,-80,1638629576828
2,0,9,D0:F0:18:43:F8:36,-83,1638629577331
2,0,10,D0:F0:18:43:F8:2A,-80,1638629577833
2,0,11,D0:F0:18:43:F8:47,-76,1638629578336
2,0,12,D0:F0:18:43:F8:36,-84,1638629578838
2,0,13,D0:F0:18:43:F8:47,-77,1638629579341
2,0,14,D0:F0:18:43:F8:2A,-80,1638629579844
2,0,15,D0:F0:18:43:F8:36,-86,1638629580347
2,0,16,D0:F0:18:43:F8:2A,-78,1638629580850
2,0,17,D0:F0:18:43:F8:47,-75,1638629581354
2,0,18,D0:F0:18:43:F8:36,-85,1638629581857
2,0,19,D0:F0:18:43:F8:36,-83,1638629582360
2,0,20,D0:F0:18:43:F8:47,-79,1638629582863
2,0,21,D0:F0:18:43:F8:36,-77,1638629583366
2,0,22,D0:F0:18:43:F8:36,-75,1638629583870
2,0,23,D0:F0:18:43:F8:47,-73,1638629584373
2,0,24,D0:F0:18:43:F8:36,-82,1638629584876
2,0,25,D0:F0:18:43:F8:2A,-74,1638629585379
2,0,26,D0:F0:18:43:F8:2A,-72,1638629585883
2,0,27,D0:F0:18:43:F8:36,-81,1638629586386
2,0,28,D0:F0:18:43:F8:36,-77,1638629586889
2,0,29,D0:F0:18:43:F8:2A,-78,1638629587392
2,0,30,D0:F0:18:43:F8:36,-82,1638629587895
2,0,31,D0:F0:18:43:F8:47,-77,1638629588398
2,0,32,D0:F0:18:43:F8:2A,-71,1638629588901
2,0,33,D0:F0:18:43:F8:36,-83,1638629589404
2,0,34,D0:F0:18:43:F8:36,-81,1638629589907
2,0,35,D0:F0:18:43:F8:2A,-80,1638629590410
2,0,36,D0:F0:18:43:F8:36,-84,1638629590913
2,0,37,D0:F0:18:43:F8:2A,-77,1638629591416
2,0,38,D0:F0:18:43:F8:2A,-73,1638629591919
2,0,39,D0:F0:18:43:F8:47,-75,1638629592422
2,0,40,D0:F0:18:43:F8:2A,-80,1638629592926
2,0,41,D0:F0:18:43:F8:2A,-79,1638629593429
2,0,42,D0:F0:18:43:F8:36,-82,1638629593932
2,0,43,D0:F0:18:43:F8:47,-77,1638629594435
2,0,44,D0:F0:18:43:F8:2A,-79,1638629594937
2,0,45,D0:F0:18:43:F8:36,-77,1638629595440
2,0,46,D0:F0:18:43:F8:36,-80,1638629595943
2,0,47,D0:F0:18:43:F8:2A,-78,1638629596446
2,0,48,D0:F0:18:43:F8:2A,-73,1638629596949
2,0,49,D0:F0:18:43:F8:36,-80,1638629597453
2,0,50,D0:F0:18:43:F8:2A,-72,1638629597956
2,0,51,D0:F0:18:43:F8:2A,-81,1638629598459
2,0,52,D0:F0:18:43:F8:36,-81,1638629598962
2,0,53,D0:F0:18:43:F8:47,-81,1638629599465
2,0,54,D0:F0:18:43:F8:2A,-72,1638629599967
2,0,55,D0:F0:18:43:F8:36,-80,1638629600469
2,0,56,D0:F0:18:43:F8:47,-78,1638629600973
2,0,57,D0:F0:18:43:F8:2A,-77,1638629601477
2,0,58,D0:F0:18:43:F8:2A,-78,1638629601979
2,0,59,D0:F0:18:43:F8:2A,-79,1638629602482
2,0,60,D0:F0:18:43:F8:2A,-78,1638629602985
2,0,61,D0:F0:18:43:F8:2A,-72,1638629603488
2,0,62,D0:F0:18:43:F8:36,-81,1638629603991
2,0,63,D0:F0:18:43:F8:2A,-78,1638629604495
2,0,64,D0:F0:18:43:F8:2A,-79,1638629604998
2,0,65,D0:F0:18:43:F8:36,-77,1638629605501
2,0,66,D0:F0:18:43:F8:47,-80,1638629606004
2,0,67,D0:F0:18:43:F8:2A,-78,1638629606506
2,0,68,D0:F0:18:43:F8:47,-78,1638629607009
2,0,69,D0:F0:18:43:F8:36,-82,1638629607512
2,0,70,D0:F0:18:43:F8:2A,-73,1638629608014
2,0,71,D0:F0:18:43:F8:2A,-79,1638629608517
2,0,72,D0:F0:18:43:F8:36,-87,1638629609020
2,0,73,D0:F0:18:43:F8:47,-82,1638629609523
2,0,74,D0:F0:18:43:F8:47,-75,1638629610026
2,0,75,D0:F0:18:43:F8:36,-78,1638629610529
2,0,76,D0:F0:18:43:F8:47,-82,1638629611032
2,0,77,D0:F0:18:43:F8:36,-84,1638629611535
2,0,78,D0:F0:18:43:F8:36,-83,1638629612039
2,0,79,D0:F0:18:43:F8:47,-79,1638629612541
2,0,80,D0:F0:18:43:F8:47,-79,1638629613045
2,0,81,D0:F0:18:43:F8:36,-76,1638629613548
2,0,82,D0:F0:18:43:F8:2A,-72,1638629614052
2,0,83,D0:F0:18:43:F8:47,-80,1638629614555
2,0,84,D0:F0:18:43:F8:36,-83,1638629615058
2,0,85,D0:F0:18:43:F8:36,-77,1638629615561
2,0,86,D0:F0:18:43:F8:47,-79,1638629616064
2,0,87,D0:F0:18:43:F8:36,-86,1638629616567
2,0,88,D0:F0:18:43:F8:2A,-83,1638629617071
2,0,89,D0:F0:18:43:F8:2A,-80,1638629617574
2,0,90,D0:F0:18:43:F8:2A,-77,1638629618078
2,0,91,D0:F0:18:43:F8:36,-79,1638629618581
2,0,92,D0:F0:18:43:F8:2A,-73,1638629619084
2,0,93,D0:F0:18:43:F8:2A,-77,1638629619587
2,0,94,D0:F0:18:43:F8:36,-81,1638629620091
2,0,95,D0:F0:18:43:F8:36,-80,1638629620594
2,0,96,D0:F0:18:43:F8:47,-76,1638629621097
2,0,97,D0:F0:18:43:F8:2A,-78,1638629621600
2,0,98,D0:F0:18:43:F8:36,-80,1638629622102
2,0,99,D0:F0:18:43:F8:2A,-73,1638629622606
2,0,100,D0:F0:18:43:F8:2A,-77,1638629623109
2,0,101,D0:F0:18:43:F8:2A,-79,1638629623612
2,0,102,D0:F0:18:43:F8:2A,-72,1638629624116
2,0,103,D0:F0:18:43:F8:2A,-77,1638629624620
2,0,104,D0:F0:18:43:F8:36,-79,1638629625123
2,0,105,D0:F0:18:43:F8:36,-85,1638629625626
2,0,106,D0:F0:18:43:F8:2A,-78,1638629626129
2,0,107,D0:F0:18:43:F8:47,-77,1638629626632
2,0,108,D0:F0:18:43:F8:2A,-72,1638629627135
2,0,109,D0:F0:18:43:F8:36,-87,1638629627638
2,0,110,D0:F0:18:43:F8:47,-74,1638629628141
2,0,111,D0:F0:18:43:F8:2A,-80,1638629628644
2,0,112,D0:F0:18:43:F8:36,-80,1638629629147
2,0,113,D0:F0:18:43:F8:47,-76,1638629629650
2,0,114,D0:F0:18:43:F8:47,-84,1638629630153
2,0,115,D0:F0:18:43:F8:47,-81,1638629630656
2,0,116,D0:F0:18:43:F8:47,-78,1638629631159
2,0,117,D0:F0:18:43:F8:47,-78,1638629631663
2,0,118,D0:F0:18:43:F8:36,-86,1638629632167
2,0,119,D0:F0:18:43:F8:47,-81,1638629632671
3,0,0,D0:F0:18:43:F8:47,-79,1638629636215
3,0,1,D0:F0:18:43:F8:47,-82,1638629636721
3,0,2,D0:F0:18:43:F8:36,-79,1638629637223
3,0,3,D0:F0:18:43:F8:2A,-82,1638629637726
3,0,4,D0:F0:18:43:F8:36,-79,1638629638229
3,0,5,D0:F0:18:43:F8:36,-78,1638629638733
3,0,6,D0:F0:18:43:F8:2A,-86,1638629639236
3,0,7,D0:F0:18:43:F8:36,-75,1638629639740
3,0,8,D0:F0:18:43:F8:47,-82,1638629640244
3,0,9,D0:F0:18:43:F8:36,-76,1638629640746
3,0,10,D0:F0:18:43:F8:2A,-86,1638629641248
3,0,11,D0:F0:18:43:F8:36,-76,1638629641752
3,0,12,D0:F0:18:43:F8:36,-78,1638629642254
3,0,13,D0:F0:18:43:F8:47,-83,1638629642757
3,0,14,D0:F0:18:43:F8:47,-87,1638629643261
3,0,15,D0:F0:18:43:F8:2A,-84,1638629643765
3,0,16,D0:F0:18:43:F8:2A,-80,1638629644268
3,0,17,D0:F0:18:43:F8:47,-76,1638629644771
3,0,18,D0:F0:18:43:F8:36,-74,1638629645275
3,0,19,D0:F0:18:43:F8:2A,-85,1638629645778
3,0,20,D0:F0:18:43:F8:2A,-84,1638629646281
3,0,21,D0:F0:18:43:F8:36,-79,1638629646784
3,0,22,D0:F0:18:43:F8:2A,-82,1638629647288
3,0,23,D0:F0:18:43:F8:2A,-82,1638629647790
3,0,24,D0:F0:18:43:F8:2A,-88,1638629648293
3,0,25,D0:F0:18:43:F8:36,-78,1638629648796
3,0,26,D0:F0:18:43:F8:36,-77,1638629649300
3,0,27,D0:F0:18:43:F8:2A,-81,1638629649802
3,0,28,D0:F0:18:43:F8:47,-79,1638629650306
3,0,29,D0:F0:18:43:F8:36,-77,1638629650810
3,0,30,D0:F0:18:43:F8:2A,-88,1638629651313
3,0,31,D0:F0:18:43:F8:36,-76,1638629651816
3,0,32,D0:F0:18:43:F8:36,-79,1638629652320
3,0,33,D0:F0:18:43:F8:36,-80,1638629652822
3,0,34,D0:F0:18:43:F8:36,-79,1638629653325
3,0,35,D0:F0:18:43:F8:2A,-80,1638629653828
3,0,36,D0:F0:18:43:F8:47,-82,1638629654331
3,0,37,D0:F0:18:43:F8:2A,-82,1638629654834
3,0,38,D0:F0:18:43:F8:47,-77,1638629655337
3,0,39,D0:F0:18:43:F8:47,-83,1638629655841
3,0,40,D0:F0:18:43:F8:47,-79,1638629656344
3,0,41,D0:F0:18:43:F8:47,-86,1638629656848
3,0,42,D0:F0:18:43:F8:36,-77,1638629657350
3,0,43,D0:F0:18:43:F8:47,-82,1638629657853
3,0,44,D0:F0:18:43:F8:47,-76,1638629658357
3,0,45,D0:F0:18:43:F8:47,-80,1638629658860
3,0,46,D0:F0:18:43:F8:47,-79,1638629659362
3,0,47,D0:F0:18:43:F8:47,-84,1638629659865
3,0,48,D0:F0:18:43:F8:47,-78,1638629660369
3,0,49,D0:F0:18:43:F8:47,-83,1638629660871
3,0,50,D0:F0:18:43:F8:47,-88,1638629661374
3,0,51,D0:F0:18:43:F8:2A,-82,1638629661878
3,0,52,D0:F0:18:43:F8:47,-80,1638629662381
3,0,53,D0:F0:18:43:F8:47,-79,1638629662883
3,0,54,D0:F0:18:43:F8:2A,-89,1638629663386
3,0,55,D0:F0:18:43:F8:2A,-81,1638629663888
3,0,56,D0:F0:18:43:F8:47,-79,1638629664392
3,0,57,D0:F0:18:43:F8:2A,-84,1638629664895
3,0,58,D0:F0:18:43:F8:47,-77,1638629665397
3,0,59,D0:F0:18:43:F8:47,-76,1638629665901
3,0,60,D0:F0:18:43:F8:47,-79,1638629666404
3,0,61,D0:F0:18:43:F8:36,-76,1638629666906
3,0,62,D0:F0:18:43:F8:47,-80,1638629667409
3,0,63,D0:F0:18:43:F8:47,-82,1638629667911
3,0,64,D0:F0:18:43:F8:36,-77,1638629668414
3,0,65,D0:F0:18:43:F8:36,-76,1638629668916
3,0,66,D0:F0:18:43:F8:47,-81,1638629669419
3,0,67,D0:F0:18:43:F8:36,-80,1638629669921
3,0,68,D0:F0:18:43:F8:47,-84,1638629670424
3,0,69,D0:F0:18:43:F8:47,-78,1638629670927
3,0,70,D0:F0:18:43:F8:2A,-86,1638629671430
3,0,71,D0:F0:18:43:F8:47,-79,1638629671932
3,0,72,D0:F0:18:43:F8:47,-82,1638629672435
3,0,73,D0:F0:18:43:F8:36,-78,1638629672938
3,0,74,D0:F0:18:43:F8:47,-80,1638629673441
3,0,75,D0:F0:18:43:F8:47,-84,1638629673944
3,0,76,D0:F0:18:43:F8:2A,-81,1638629674446
3,0,77,D0:F0:18:43:F8:36,-76,1638629674949
3,0,78,D0:F0:18:43:F8:47,-79,1638629675452
3,0,79,D0:F0:18:43:F8:36,-78,1638629675955
3,0,80,D0:F0:18:43:F8:36,-79,1638629676457
3,0,81,D0:F0:18:43:F8:36,-74,1638629676960
3,0,82,D0:F0:18:43:F8:36,-74,1638629677463
3,0,83,D0:F0:18:43:F8:36,-74,1638629677966
3,0,84,D0:F0:18:43:F8:47,-80,1638629678470
3,0,85,D0:F0:18:43:F8:2A,-84,1638629678972
3,0,86,D0:F0:18:43:F8:36,-79,1638629679476
3,0,87,D0:F0:18:43:F8:47,-86,1638629679980
3,0,88,D0:F0:18:43:F8:36,-74,1638629680483
3,0,89,D0:F0:18:43:F8:36,-80,1638629680985
3,0,90,D0:F0:18:43:F8:47,-79,1638629681488
3,0,91,D0:F0:18:43:F8:36,-80,1638629681991
3,0,92,D0:F0:18:43:F8:2A,-81,1638629682494
3,0,93,D0:F0:18:43:F8:47,-80,1638629682998
3,0,94,D0:F0:18:43:F8:47,-81,1638629683501
3,0,95,D0:F0:18:43:F8:2A,-88,1638629684004
3,0,96,D0:F0:18:43:F8:36,-77,1638629684507
3,0,97,D0:F0:18:43:F8:47,-79,1638629685011
3,0,98,D0:F0:18:43:F8:2A,-83,1638629685514
3,0,99,D0:F0:18:43:F8:36,-76,1638629686016
3,0,100,D0:F0:18:43:F8:36,-79,1638629686520
3,0,101,D0:F0:18:43:F8:36,-75,1638629687023
3,0,102,D0:F0:18:43:F8:36,-79,1638629687526
3,0,103,D0:F0:18:43:F8:2A,-81,1638629688028
3,0,104,D0:F0:18:43:F8:47,-84,1638629688531
3,0,105,D0:F0:18:43:F8:36,-75,1638629689034
3,0,106,D0:F0:18:43:F8:2A,-84,1638629689536
3,0,107,D0:F0:18:43:F8:2A,-85,1638629690039
3,0,108,D0:F0:18:43:F8:47,-84,1638629690542
3,0,109,D0:F0:18:43:F8:2A,-80,1638629691045
3,0,110,D0:F0:18:43:F8:36,-83,1638629691548
3,0,111,D0:F0:18:43:F8:36,-81,1638629692051
3,0,112,D0:F0:18:43:F8:2A,-82,1638629692553
3,0,113,D0:F0:18:43:F8:47,-86,1638629693056
3,0,114,D0:F0:18:43:F8:36,-74,1638629693559
3,0,115,D0:F0:18:43:F8:36,-76,1638629694062
3,0,116,D0:F0:18:43:F8:47,-82,1638629694565
3,0,117,D0:F0:18:43:F8:36,-75,1638629695068
3,0,118,D0:F0:18:43:F8:36,-77,1638629695572
3,0,119,D0:F0:18:43:F8:47,-77,1638629696075
4,0,0,D0:F0:18:43:F8:2A,-88,1638629699619
4,0,1,D0:F0:18:43:F8:36,-79,1638629700122
4,0,2,D0:F0:18:43:F8:2A,-80,1638629700624
4,0,3,D0:F0:18:43:F8:47,-83,1638629701126
4,0,4,D0:F0:18:43:F8:36,-79,1638629701628
4,0,5,D0:F0:18:43:F8:47,-80,1638629702132
4,0,6,D0:F0:18:43:F8:36,-83,1638629702636
4,0,7,D0:F0:18:43:F8:2A,-82,1638629703138
4,0,8,D0:F0:18:43:F8:36,-78,1638629703641
4,0,9,D0:F0:18:43:F8:36,-77,1638629704144
4,0,10,D0:F0:18:43:F8:2A,-81,1638629704647
4,0,11,D0:F0:18:43:F8:47,-76,1638629705150
4,0,12,D0:F0:18:43:F8:36,-88,1638629705652
4,0,13,D0:F0:18:43:F8:2A,-79,1638629706154
4,0,14,D0:F0:18:43:F8:47,-81,1638629706656
4,0,15,D0:F0:18:43:F8:36,-88,1638629707158
4,0,16,D0:F0:18:43:F8:47,-72,1638629707662
4,0,17,D0:F0:18:43:F8:36,-83,1638629708165
4,0,18,D0:F0:18:43:F8:47,-80,1638629708668
4,0,19,D0:F0:18:43:F8:47,-80,1638629709171
4,0,20,D0:F0:18:43:F8:47,-70,1638629709674
4,0,21,D0:F0:18:43:F8:47,-71,1638629710177
4,0,22,D0:F0:18:43:F8:47,-71,1638629710680
4,0,23,D0:F0:18:43:F8:47,-77,1638629711183
4,0,24,D0:F0:18:43:F8:2A,-84,1638629711686
4,0,25,D0:F0:18:43:F8:36,-77,1638629712188
4,0,26,D0:F0:18:43:F8:36,-84,1638629712691
4,0,27,D0:F0:18:43:F8:36,-77,1638629713194
4,0,28,D0:F0:18:43:F8:36,-83,1638629713696
4,0,29,D0:F0:18:43:F8:47,-77,1638629714199
4,0,30,D0:F0:18:43:F8:2A,-82,1638629714702
4,0,31,D0:F0:18:43:F8:2A,-79,1638629715204
4,0,32,D0:F0:18:43:F8:47,-83,1638629715707
4,0,33,D0:F0:18:43:F8:47,-73,1638629716210
4,0,34,D0:F0:18:43:F8:47,-74,1638629716713
4,0,35,D0:F0:18:43:F8:47,-77,1638629717216
4,0,36,D0:F0:18:43:F8:47,-76,1638629717719
4,0,37,D0:F0:18:43:F8:47,-83,1638629718222
4,0,38,D0:F0:18:43:F8:47,-70,1638629718725
4,0,39,D0:F0:18:43:F8:47,-75,1638629719226
4,0,40,D0:F0:18:43:F8:36,-77,1638629719728
4,0,41,D0:F0:18:43:F8:2A,-78,1638629720230
4,0,42,D0:F0:18:43:F8:2A,-83,1638629720733
4,0,43,D0:F0:18:43:F8:2A,-87,1638629721236
4,0,44,D0:F0:18:43:F8:2A,-85,1638629721739
4,0,45,D0:F0:18:43:F8:47,-81,1638629722242
4,0,46,D0:F0:18:43:F8:47,-72,1638629722745
4,0,47,D0:F0:18:43:F8:2A,-77,1638629723248
4,0,48,D0:F0:18:43:F8:2A,-83,1638629723752
4,0,49,D0:F0:18:43:F8:47,-79,1638629724255
4,0,50,D0:F0:18:43:F8:2A,-79,1638629724758
4,0,51,D0:F0:18:43:F8:36,-76,1638629725260
4,0,52,D0:F0:18:43:F8:47,-78,1638629725765
4,0,53,D0:F0:18:43:F8:2A,-78,1638629726268
4,0,54,D0:F0:18:43:F8:2A,-77,1638629726770
4,0,55,D0:F0:18:43:F8:47,-80,1638629727272
4,0,56,D0:F0:18:43:F8:47,-80,1638629727776
4,0,57,D0:F0:18:43:F8:2A,-75,1638629728280
4,0,58,D0:F0:18:43:F8:47,-70,1638629728783
4,0,59,D0:F0:18:43:F8:2A,-77,1638629729286
4,0,60,D0:F0:18:43:F8:47,-81,1638629729789
4,0,61,D0:F0:18:43:F8:36,-83,1638629730291
4,0,62,D0:F0:18:43:F8:2A,-80,1638629730795
4,0,63,D0:F0:18:43:F8:47,-78,1638629731298
4,0,64,D0:F0:18:43:F8:2A,-79,1638629731801
4,0,65,D0:F0:18:43:F8:47,-70,1638629732304
4,0,66,D0:F0:18:43:F8:47,-70,1638629732807
4,0,67,D0:F0:18:43:F8:2A,-78,1638629733309
4,0,68,D0:F0:18:43:F8:47,-84,1638629733812
4,0,69,D0:F0:18:43:F8:47,-79,1638629734315
4,0,70,D0:F0:18:43:F8:36,-85,1638629734817
4,0,71,D0:F0:18:43:F8:36,-78,1638629735320
4,0,72,D0:F0:18:43:F8:2A,-80,1638629735823
4,0,73,D0:F0:18:43:F8:36,-76,1638629736327
4,0,74,D0:F0:18:43:F8:2A,-77,1638629736830
4,0,75,D0:F0:18:43:F8:36,-82,1638629737333
4,0,76,D0:F0:18:43:F8:36,-84,1638629737836
4,0,77,D0:F0:18:43:F8:2A,-79,1638629738340
4,0,78,D0:F0:18:43:F8:36,-78,1638629738702
4,0,79,D0:F0:18:43:F8:36,-77,1638629739350
4,0,80,D0:F0:18:43:F8:36,-84,1638629739852
4,0,81,D0:F0:18:43:F8:2A,-77,1638629740355
4,0,82,D0:F0:18:43:F8:2A,-80,1638629740856
4,0,83,D0:F0:18:43:F8:36,-83,1638629741359
4,0,84,D0:F0:18:43:F8:36,-76,1638629741862
4,0,85,D0:F0:18:43:F8:36,-78,1638629742364
4,0,86,D0:F0:18:43:F8:36,-76,1638629742868
4,0,87,D0:F0:18:43:F8:2A,-76,1638629743371
4,0,88,D0:F0:18:43:F8:47,-70,1638629743874
4,0,89,D0:F0:18:43:F8:2A,-79,1638629744376
4,0,90,D0:F0:18:43:F8:47,-80,1638629744878
4,0,91,D0:F0:18:43:F8:36,-86,1638629745381
4,0,92,D0:F0:18:43:F8:36,-77,1638629745885
4,0,93,D0:F0:18:43:F8:47,-70,1638629746387
4,0,94,D0:F0:18:43:F8:47,-77,1638629746890
4,0,95,D0:F0:18:43:F8:2A,-77,1638629747394
4,0,96,D0:F0:18:43:F8:36,-77,1638629747896
4,0,97,D0:F0:18:43:F8:47,-77,1638629748397
4,0,98,D0:F0:18:43:F8:47,-86,1638629748900
4,0,99,D0:F0:18:43:F8:47,-86,1638629749403
4,0,100,D0:F0:18:43:F8:47,-72,1638629749905
4,0,101,D0:F0:18:43:F8:2A,-80,1638629750407
4,0,102,D0:F0:18:43:F8:2A,-77,1638629750910
4,0,103,D0:F0:18:43:F8:2A,-84,1638629751413
4,0,104,D0:F0:18:43:F8:36,-80,1638629751916
4,0,105,D0:F0:18:43:F8:47,-74,1638629752418
4,0,106,D0:F0:18:43:F8:36,-86,1638629752921
4,0,107,D0:F0:18:43:F8:2A,-82,1638629753424
4,0,108,D0:F0:18:43:F8:47,-72,1638629753927
4,0,109,D0:F0:18:43:F8:2A,-85,1638629754430
4,0,110,D0:F0:18:43:F8:36,-85,1638629754933
4,0,111,D0:F0:18:43:F8:2A,-85,1638629755436
4,0,112,D0:F0:18:43:F8:2A,-82,1638629755939
4,0,113,D0:F0:18:43:F8:2A,-83,1638629756442
4,0,114,D0:F0:18:43:F8:2A,-84,1638629756944
4,0,115,D0:F0:18:43:F8:2A,-85,1638629757447
4,0,116,D0:F0:18:43:F8:47,-78,1638629757949
4,0,117,D0:F0:18:43:F8:2A,-78,1638629758451
4,0,118,D0:F0:18:43:F8:2A,-85,1638629758952
4,0,119,D0:F0:18:43:F8:2A,-83,1638629759456
5,0,0,D0:F0:18:43:F8:47,-70,1638629774102
5,0,1,D0:F0:18:43:F8:47,-76,1638629774607
5,0,2,D0:F0:18:43:F8:47,-73,1638629775111
5,0,3,D0:F0:18:43:F8:47,-71,1638629775614
5,0,4,D0:F0:18:43:F8:2A,-84,1638629776116
5,0,5,D0:F0:18:43:F8:2A,-71,1638629776618
5,0,6,D0:F0:18:43:F8:2A,-73,1638629777120
5,0,7,D0:F0:18:43:F8:36,-80,1638629777623
5,0,8,D0:F0:18:43:F8:2A,-71,1638629778125
5,0,9,D0:F0:18:43:F8:47,-74,1638629778629
5,0,10,D0:F0:18:43:F8:2A,-75,1638629779132
5,0,11,D0:F0:18:43:F8:47,-70,1638629779635
5,0,12,D0:F0:18:43:F8:2A,-78,1638629780138
5,0,13,D0:F0:18:43:F8:2A,-72,1638629780640
5,0,14,D0:F0:18:43:F8:2A,-71,1638629781143
5,0,15,D0:F0:18:43:F8:2A,-74,1638629781644
5,0,16,D0:F0:18:43:F8:2A,-71,1638629782148
5,0,17,D0:F0:18:43:F8:2A,-73,1638629782650
5,0,18,D0:F0:18:43:F8:36,-78,1638629783153
5,0,19,D0:F0:18:43:F8:36,-81,1638629783655
5,0,20,D0:F0:18:43:F8:2A,-88,1638629784158
5,0,21,D0:F0:18:43:F8:36,-77,1638629784660
5,0,22,D0:F0:18:43:F8:36,-79,1638629785163
5,0,23,D0:F0:18:43:F8:47,-71,1638629785666
5,0,24,D0:F0:18:43:F8:47,-71,1638629786168
5,0,25,D0:F0:18:43:F8:36,-83,1638629786672
5,0,26,D0:F0:18:43:F8:47,-71,1638629787175
5,0,27,D0:F0:18:43:F8:47,-71,1638629787678
5,0,28,D0:F0:18:43:F8:36,-75,1638629788180
5,0,29,D0:F0:18:43:F8:2A,-71,1638629788682
5,0,30,D0:F0:18:43:F8:2A,-77,1638629789183
5,0,31,D0:F0:18:43:F8:47,-70,1638629789687
5,0,32,D0:F0:18:43:F8:47,-71,1638629790189
5,0,33,D0:F0:18:43:F8:2A,-75,1638629790692
5,0,34,D0:F0:18:43:F8:36,-80,1638629791195
5,0,35,D0:F0:18:43:F8:36,-82,1638629791698
5,0,36,D0:F0:18:43:F8:47,-73,1638629792200
5,0,37,D0:F0:18:43:F8:36,-75,1638629792702
5,0,38,D0:F0:18:43:F8:47,-70,1638629793205
5,0,39,D0:F0:18:43:F8:36,-79,1638629793708
5,0,40,D0:F0:18:43:F8:36,-77,1638629794211
5,0,41,D0:F0:18:43:F8:47,-71,1638629794712
5,0,42,D0:F0:18:43:F8:36,-86,1638629795216
5,0,43,D0:F0:18:43:F8:2A,-87,1638629795719
5,0,44,D0:F0:18:43:F8:36,-84,1638629796221
5,0,45,D0:F0:18:43:F8:2A,-71,1638629796723
5,0,46,D0:F0:18:43:F8:2A,-75,1638629797226
5,0,47,D0:F0:18:43:F8:36,-80,1638629797727
5,0,48,D0:F0:18:43:F8:2A,-90,1638629798229
5,0,49,D0:F0:18:43:F8:2A,-75,1638629798733
5,0,50,D0:F0:18:43:F8:47,-70,1638629799237
5,0,51,D0:F0:18:43:F8:2A,-90,1638629799740
5,0,52,D0:F0:18:43:F8:47,-71,1638629800243
5,0,53,D0:F0:18:43:F8:2A,-71,1638629800746
5,0,54,D0:F0:18:43:F8:36,-79,1638629801248
5,0,55,D0:F0:18:43:F8:36,-85,1638629801751
5,0,56,D0:F0:18:43:F8:2A,-71,1638629802254
5,0,57,D0:F0:18:43:F8:47,-74,1638629802756
5,0,58,D0:F0:18:43:F8:2A,-76,1638629803258
5,0,59,D0:F0:18:43:F8:2A,-76,1638629803762
5,0,60,D0:F0:18:43:F8:36,-79,1638629804265
5,0,61,D0:F0:18:43:F8:36,-83,1638629804768
5,0,62,D0:F0:18:43:F8:2A,-89,1638629805270
5,0,63,D0:F0:18:43:F8:2A,-71,1638629805773
5,0,64,D0:F0:18:43:F8:36,-79,1638629806277
5,0,65,D0:F0:18:43:F8:2A,-75,1638629806780
5,0,66,D0:F0:18:43:F8:2A,-75,1638629807283
5,0,67,D0:F0:18:43:F8:2A,-75,1638629807786
5,0,68,D0:F0:18:43:F8:2A,-88,1638629808288
5,0,69,D0:F0:18:43:F8:2A,-71,1638629808790
5,0,70,D0:F0:18:43:F8:2A,-71,1638629809292
5,0,71,D0:F0:18:43:F8:2A,-75,1638629809795
5,0,72,D0:F0:18:43:F8:2A,-71,1638629810298
5,0,73,D0:F0:18:43:F8:47,-71,1638629810801
5,0,74,D0:F0:18:43:F8:36,-85,1638629811304
5,0,75,D0:F0:18:43:F8:2A,-70,1638629811806
5,0,76,D0:F0:18:43:F8:2A,-71,1638629812309
5,0,77,D0:F0:18:43:F8:36,-75,1638629812812
5,0,78,D0:F0:18:43:F8:36,-76,1638629813314
5,0,79,D0:F0:18:43:F8:2A,-77,1638629813817
5,0,80,D0:F0:18:43:F8:36,-80,1638629814321
5,0,81,D0:F0:18:43:F8:2A,-80,1638629814824
5,0,82,D0:F0:18:43:F8:36,-79,1638629815327
5,0,83,D0:F0:18:43:F8:47,-73,1638629815829
5,0,84,D0:F0:18:43:F8:2A,-71,1638629816332
5,0,85,D0:F0:18:43:F8:36,-77,1638629816837
5,0,86,D0:F0:18:43:F8:47,-71,1638629817340
5,0,87,D0:F0:18:43:F8:36,-80,1638629817842
5,0,88,D0:F0:18:43:F8:36,-79,1638629818345
5,0,89,D0:F0:18:43:F8:36,-79,1638629818848
5,0,90,D0:F0:18:43:F8:36,-81,1638629819351
5,0,91,D0:F0:18:43:F8:36,-77,1638629819854
5,0,92,D0:F0:18:43:F8:36,-77,1638629820356
5,0,93,D0:F0:18:43:F8:2A,-70,1638629820859
5,0,94,D0:F0:18:43:F8:36,-79,1638629821362
5,0,95,D0:F0:18:43:F8:2A,-80,1638629821865
5,0,96,D0:F0:18:43:F8:2A,-70,1638629822368
5,0,97,D0:F0:18:43:F8:2A,-70,1638629822871
5,0,98,D0:F0:18:43:F8:2A,-70,1638629823374
5,0,99,D0:F0:18:43:F8:2A,-76,1638629823876
5,0,100,D0:F0:18:43:F8:47,-71,1638629824379
5,0,101,D0:F0:18:43:F8:36,-79,1638629824882
5,0,102,D0:F0:18:43:F8:2A,-70,1638629825384
5,0,103,D0:F0:18:43:F8:2A,-70,1638629825887
5,0,104,D0:F0:18:43:F8:36,-80,1638629826389
5,0,105,D0:F0:18:43:F8:36,-80,1638629826892
5,0,106,D0:F0:18:43:F8:2A,-80,1638629827395
5,0,107,D0:F0:18:43:F8:36,-79,1638629827897
5,0,108,D0:F0:18:43:F8:47,-70,1638629828400
5,0,109,D0:F0:18:43:F8:47,-72,1638629828903
5,0,110,D0:F0:18:43:F8:2A,-70,1638629829406
5,0,111,D0:F0:18:43:F8:36,-80,1638629829908
5,0,112,D0:F0:18:43:F8:2A,-79,1638629830411
5,0,113,D0:F0:18:43:F8:2A,-70,1638629830913
5,0,114,D0:F0:18:43:F8:36,-80,1638629831415
5,0,115,D0:F0:18:43:F8:2A,-75,1638629831918
5,0,116,D0:F0:18:43:F8:2A,-79,1638629832420
5,0,117,D0:F0:18:43:F8:47,-73,1638629832923
5,0,118,D0:F0:18:43:F8:2A,-70,1638629833426
5,0,119,D0:F0:18:43:F8:2A,-71,1638629833928
6,0,0,D0:F0:18:43:F8:2A,-78,1638629838994
6,0,1,D0:F0:18:43:F8:36,-87,1638629839498
6,0,2,D0:F0:18:43:F8:2A,-82,1638629840004
6,0,3,D0:F0:18:43:F8:2A,-88,1638629840506
6,0,4,D0:F0:18:43:F8:2A,-79,1638629841009
6,0,5,D0:F0:18:43:F8:2A,-76,1638629841512
6,0,6,D0:F0:18:43:F8:47,-71,1638629842014
6,0,7,D0:F0:18:43:F8:2A,-83,1638629842516
6,0,8,D0:F0:18:43:F8:2A,-74,1638629843020
6,0,9,D0:F0:18:43:F8:47,-73,1638629843523
6,0,10,D0:F0:18:43:F8:2A,-82,1638629844026
6,0,11,D0:F0:18:43:F8:2A,-80,1638629844529
6,0,12,D0:F0:18:43:F8:47,-88,1638629845033
6,0,13,D0:F0:18:43:F8:2A,-76,1638629845535
6,0,14,D0:F0:18:43:F8:2A,-76,1638629846038
6,0,15,D0:F0:18:43:F8:36,-87,1638629846541
6,0,16,D0:F0:18:43:F8:2A,-80,1638629847044
6,0,17,D0:F0:18:43:F8:2A,-82,1638629847548
6,0,18,D0:F0:18:43:F8:2A,-82,1638629848051
6,0,19,D0:F0:18:43:F8:2A,-79,1638629848553
6,0,20,D0:F0:18:43:F8:2A,-79,1638629849056
6,0,21,D0:F0:18:43:F8:2A,-82,1638629849559
6,0,22,D0:F0:18:43:F8:47,-73,1638629850063
6,0,23,D0:F0:18:43:F8:2A,-85,1638629850565
6,0,24,D0:F0:18:43:F8:2A,-76,1638629851068
6,0,25,D0:F0:18:43:F8:47,-75,1638629851571
6,0,26,D0:F0:18:43:F8:2A,-77,1638629852074
6,0,27,D0:F0:18:43:F8:2A,-80,1638629852577
6,0,28,D0:F0:18:43:F8:2A,-80,1638629853080
6,0,29,D0:F0:18:43:F8:2A,-81,1638629853583
6,0,30,D0:F0:18:43:F8:2A,-76,1638629854086
6,0,31,D0:F0:18:43:F8:36,-84,1638629854588
6,0,32,D0:F0:18:43:F8:36,-81,1638629855094
6,0,33,D0:F0:18:43:F8:2A,-82,1638629855596
6,0,34,D0:F0:18:43:F8:36,-89,1638629856099
6,0,35,D0:F0:18:43:F8:47,-71,1638629856603
6,0,36,D0:F0:18:43:F8:2A,-75,1638629857106
6,0,37,D0:F0:18:43:F8:2A,-86,1638629857608
6,0,38,D0:F0:18:43:F8:2A,-85,1638629858111
6,0,39,D0:F0:18:43:F8:2A,-83,1638629858614
6,0,40,D0:F0:18:43:F8:2A,-76,1638629859116
6,0,41,D0:F0:18:43:F8:2A,-74,1638629859618
6,0,42,D0:F0:18:43:F8:2A,-75,1638629860122
6,0,43,D0:F0:18:43:F8:2A,-83,1638629860624
6,0,44,D0:F0:18:43:F8:36,-84,1638629861127
6,0,45,D0:F0:18:43:F8:47,-79,1638629861630
6,0,46,D0:F0:18:43:F8:36,-86,1638629862133
6,0,47,D0:F0:18:43:F8:36,-90,1638629862636
6,0,48,D0:F0:18:43:F8:47,-70,1638629863139
6,0,49,D0:F0:18:43:F8:36,-86,1638629863641
6,0,50,D0:F0:18:43:F8:36,-87,1638629864144
6,0,51,D0:F0:18:43:F8:47,-87,1638629864647
6,0,52,D0:F0:18:43:F8:2A,-79,1638629865150
6,0,53,D0:F0:18:43:F8:47,-70,1638629865652
6,0,54,D0:F0:18:43:F8:47,-70,1638629866154
6,0,55,D0:F0:18:43:F8:47,-76,1638629866657
6,0,56,D0:F0:18:43:F8:2A,-79,1638629867160
6,0,57,D0:F0:18:43:F8:2A,-76,1638629867663
6,0,58,D0:F0:18:43:F8:47,-88,1638629868166
6,0,59,D0:F0:18:43:F8:36,-89,1638629868669
6,0,60,D0:F0:18:43:F8:36,-85,1638629869172
6,0,61,D0:F0:18:43:F8:47,-71,1638629869676
6,0,62,D0:F0:18:43:F8:36,-88,1638629870178
6,0,63,D0:F0:18:43:F8:47,-75,1638629870682
6,0,64,D0:F0:18:43:F8:47,-88,1638629871185
6,0,65,D0:F0:18:43:F8:2A,-82,1638629871687
6,0,66,D0:F0:18:43:F8:47,-76,1638629872189
6,0,67,D0:F0:18:43:F8:2A,-85,1638629872691
6,0,68,D0:F0:18:43:F8:2A,-76,1638629873194
6,0,69,D0:F0:18:43:F8:36,-86,1638629873697
6,0,70,D0:F0:18:43:F8:47,-77,1638629874199
6,0,71,D0:F0:18:43:F8:2A,-85,1638629874702
6,0,72,D0:F0:18:43:F8:36,-87,1638629875204
6,0,73,D0:F0:18:43:F8:36,-87,1638629875707
6,0,74,D0:F0:18:43:F8:47,-77,1638629876211
6,0,75,D0:F0:18:43:F8:47,-71,1638629876714
6,0,76,D0:F0:18:43:F8:47,-77,1638629877217
6,0,77,D0:F0:18:43:F8:2A,-82,1638629877720
6,0,78,D0:F0:18:43:F8:36,-88,1638629878222
6,0,79,D0:F0:18:43:F8:36,-84,1638629878726
6,0,80,D0:F0:18:43:F8:36,-85,1638629879227
6,0,81,D0:F0:18:43:F8:47,-90,1638629879730
6,0,82,D0:F0:18:43:F8:47,-88,1638629880233
6,0,83,D0:F0:18:43:F8:36,-84,1638629880735
6,0,84,D0:F0:18:43:F8:36,-85,1638629881238
6,0,85,D0:F0:18:43:F8:2A,-90,1638629881740
6,0,86,D0:F0:18:43:F8:36,-83,1638629882243
6,0,87,D0:F0:18:43:F8:36,-85,1638629882745
6,0,88,D0:F0:18:43:F8:2A,-82,1638629883248
6,0,89,D0:F0:18:43:F8:36,-84,1638629883751
6,0,90,D0:F0:18:43:F8:47,-78,1638629884255
6,0,91,D0:F0:18:43:F8:2A,-75,1638629884758
6,0,92,D0:F0:18:43:F8:2A,-76,1638629885261
6,0,93,D0:F0:18:43:F8:2A,-74,1638629885764
6,0,94,D0:F0:18:43:F8:36,-81,1638629886268
6,0,95,D0:F0:18:43:F8:2A,-79,1638629886771
6,0,96,D0:F0:18:43:F8:36,-82,1638629887274
6,0,97,D0:F0:18:43:F8:47,-71,1638629887807
6,0,98,D0:F0:18:43:F8:47,-71,1638629888309
6,0,99,D0:F0:18:43:F8:47,-79,1638629888812
6,0,100,D0:F0:18:43:F8:47,-70,1638629889314
6,0,101,D0:F0:18:43:F8:47,-70,1638629889817
6,0,102,D0:F0:18:43:F8:47,-74,1638629890319
6,0,103,D0:F0:18:43:F8:47,-74,1638629890823
6,0,104,D0:F0:18:43:F8:47,-86,1638629891324
6,0,105,D0:F0:18:43:F8:47,-70,1638629891828
6,0,106,D0:F0:18:43:F8:47,-76,1638629892330
6,0,107,D0:F0:18:43:F8:36,-88,1638629892833
6,0,108,D0:F0:18:43:F8:47,-71,1638629893335
6,0,109,D0:F0:18:43:F8:2A,-80,1638629893837
6,0,110,D0:F0:18:43:F8:47,-78,1638629894339
6,0,111,D0:F0:18:43:F8:2A,-79,1638629894841
6,0,112,D0:F0:18:43:F8:2A,-78,1638629895343
6,0,113,D0:F0:18:43:F8:47,-71,1638629895845
6,0,114,D0:F0:18:43:F8:47,-70,1638629896349
6,0,115,D0:F0:18:43:F8:36,-86,1638629896852
6,0,116,D0:F0:18:43:F8:47,-70,1638629897353
6,0,117,D0:F0:18:43:F8:2A,-76,1638629897856
6,0,118,D0:F0:18:43:F8:36,-85,1638629898360
6,0,119,D0:F0:18:43:F8:36,-85,1638629898863
7,0,0,D0:F0:18:43:F8:47,-72,1638629902398
7,0,1,D0:F0:18:43:F8:36,-85,1638629902902
7,0,2,D0:F0:18:43:F8:47,-72,1638629903404
7,0,3,D0:F0:18:43:F8:47,-75,1638629903906
7,0,4,D0:F0:18:43:F8:2A,-82,1638629904408
7,0,5,D0:F0:18:43:F8:36,-77,1638629904910
7,0,6,D0:F0:18:43:F8:2A,-86,1638629905412
7,0,7,D0:F0:18:43:F8:47,-71,1638629905915
7,0,8,D0:F0:18:43:F8:36,-83,1638629906417
7,0,9,D0:F0:18:43:F8:47,-77,1638629906921
7,0,10,D0:F0:18:43:F8:47,-75,1638629907424
7,0,11,D0:F0:18:43:F8:36,-77,1638629907926
7,0,12,D0:F0:18:43:F8:2A,-76,1638629908429
7,0,13,D0:F0:18:43:F8:2A,-86,1638629908932
7,0,14,D0:F0:18:43:F8:47,-77,1638629909436
7,0,15,D0:F0:18:43:F8:36,-90,1638629909938
7,0,16,D0:F0:18:43:F8:2A,-75,1638629910440
7,0,17,D0:F0:18:43:F8:47,-79,1638629910943
7,0,18,D0:F0:18:43:F8:47,-69,1638629911446
7,0,19,D0:F0:18:43:F8:47,-79,1638629911948
7,0,20,D0:F0:18:43:F8:47,-77,1638629912452
7,0,21,D0:F0:18:43:F8:36,-81,1638629912955
7,0,22,D0:F0:18:43:F8:2A,-80,1638629913457
7,0,23,D0:F0:18:43:F8:47,-75,1638629913960
7,0,24,D0:F0:18:43:F8:47,-73,1638629914463
7,0,25,D0:F0:18:43:F8:2A,-74,1638629914967
7,0,26,D0:F0:18:43:F8:47,-74,1638629915470
7,0,27,D0:F0:18:43:F8:47,-73,1638629915973
7,0,28,D0:F0:18:43:F8:36,-79,1638629916475
7,0,29,D0:F0:18:43:F8:2A,-85,1638629916978
7,0,30,D0:F0:18:43:F8:47,-76,1638629917481
7,0,31,D0:F0:18:43:F8:2A,-79,1638629917985
7,0,32,D0:F0:18:43:F8:2A,-79,1638629918488
7,0,33,D0:F0:18:43:F8:47,-77,1638629918989
7,0,34,D0:F0:18:43:F8:36,-77,1638629919491
7,0,35,D0:F0:18:43:F8:36,-76,1638629919994
7,0,36,D0:F0:18:43:F8:47,-75,1638629920496
7,0,37,D0:F0:18:43:F8:36,-88,1638629920998
7,0,38,D0:F0:18:43:F8:2A,-80,1638629921500
7,0,39,D0:F0:18:43:F8:47,-73,1638629922003
7,0,40,D0:F0:18:43:F8:47,-73,1638629922506
7,0,41,D0:F0:18:43:F8:2A,-82,1638629923009
7,0,42,D0:F0:18:43:F8:47,-73,1638629923512
7,0,43,D0:F0:18:43:F8:47,-74,1638629924014
7,0,44,D0:F0:18:43:F8:47,-74,1638629924517
7,0,45,D0:F0:18:43:F8:47,-76,1638629925019
7,0,46,D0:F0:18:43:F8:47,-73,1638629925522
7,0,47,D0:F0:18:43:F8:47,-74,1638629926026
7,0,48,D0:F0:18:43:F8:47,-74,1638629926528
7,0,49,D0:F0:18:43:F8:47,-74,1638629927031
7,0,50,D0:F0:18:43:F8:47,-75,1638629927534
7,0,51,D0:F0:18:43:F8:2A,-85,1638629928037
7,0,52,D0:F0:18:43:F8:47,-76,1638629928540
7,0,53,D0:F0:18:43:F8:2A,-82,1638629929042
7,0,54,D0:F0:18:43:F8:47,-73,1638629929544
7,0,55,D0:F0:18:43:F8:47,-74,1638629930047
7,0,56,D0:F0:18:43:F8:2A,-82,1638629930550
7,0,57,D0:F0:18:43:F8:47,-75,1638629931051
7,0,58,D0:F0:18:43:F8:2A,-82,1638629931554
7,0,59,D0:F0:18:43:F8:2A,-82,1638629932057
7,0,60,D0:F0:18:43:F8:47,-73,1638629932560
7,0,61,D0:F0:18:43:F8:47,-75,1638629933062
7,0,62,D0:F0:18:43:F8:2A,-85,1638629933564
7,0,63,D0:F0:18:43:F8:36,-85,1638629934066
7,0,64,D0:F0:18:43:F8:47,-73,1638629934569
7,0,65,D0:F0:18:43:F8:2A,-83,1638629935071
7,0,66,D0:F0:18:43:F8:47,-73,1638629935572
7,0,67,D0:F0:18:43:F8:2A,-83,1638629936074
7,0,68,D0:F0:18:43:F8:36,-78,1638629936576
7,0,69,D0:F0:18:43:F8:36,-78,1638629937079
7,0,70,D0:F0:18:43:F8:2A,-78,1638629937581
7,0,71,D0:F0:18:43:F8:2A,-84,1638629938083
7,0,72,D0:F0:18:43:F8:2A,-81,1638629938585
7,0,73,D0:F0:18:43:F8:2A,-79,1638629939087
7,0,74,D0:F0:18:43:F8:2A,-80,1638629939589
7,0,75,D0:F0:18:43:F8:2A,-81,1638629940091
7,0,76,D0:F0:18:43:F8:47,-73,1638629940594
7,0,77,D0:F0:18:43:F8:2A,-85,1638629941098
7,0,78,D0:F0:18:43:F8:47,-73,1638629941600
7,0,79,D0:F0:18:43:F8:36,-77,1638629942103
7,0,80,D0:F0:18:43:F8:2A,-83,1638629942605
7,0,81,D0:F0:18:43:F8:2A,-81,1638629943107
7,0,82,D0:F0:18:43:F8:36,-88,1638629943611
7,0,83,D0:F0:18:43:F8:36,-77,1638629944114
7,0,84,D0:F0:18:43:F8:36,-83,1638629944617
7,0,85,D0:F0:18:43:F8:47,-73,1638629945120
7,0,86,D0:F0:18:43:F8:36,-79,1638629945623
7,0,87,D0:F0:18:43:F8:47,-74,1638629946125
7,0,88,D0:F0:18:43:F8:47,-74,1638629946628
7,0,89,D0:F0:18:43:F8:2A,-82,1638629947131
7,0,90,D0:F0:18:43:F8:47,-77,1638629947634
7,0,91,D0:F0:18:43:F8:47,-78,1638629948137
7,0,92,D0:F0:18:43:F8:47,-72,1638629948640
7,0,93,D0:F0:18:43:F8:47,-75,1638629949142
7,0,94,D0:F0:18:43:F8:47,-75,1638629949645
7,0,95,D0:F0:18:43:F8:47,-72,1638629950148
7,0,96,D0:F0:18:43:F8:36,-84,1638629950651
7,0,97,D0:F0:18:43:F8:47,-74,1638629951153
7,0,98,D0:F0:18:43:F8:47,-75,1638629951656
7,0,99,D0:F0:18:43:F8:36,-79,1638629952158
7,0,100,D0:F0:18:43:F8:2A,-85,1638629952661
7,0,101,D0:F0:18:43:F8:47,-74,1638629953163
7,0,102,D0:F0:18:43:F8:47,-71,1638629953666
7,0,103,D0:F0:18:43:F8:2A,-85,1638629954169
7,0,104,D0:F0:18:43:F8:47,-72,1638629954672
7,0,105,D0:F0:18:43:F8:2A,-86,1638629955175
7,0,106,D0:F0:18:43:F8:47,-74,1638629955678
7,0,107,D0:F0:18:43:F8:47,-75,1638629956180
7,0,108,D0:F0:18:43:F8:2A,-85,1638629956683
7,0,109,D0:F0:18:43:F8:36,-78,1638629957187
7,0,110,D0:F0:18:43:F8:36,-85,1638629957690
7,0,111,D0:F0:18:43:F8:2A,-85,1638629958193
7,0,112,D0:F0:18:43:F8:36,-87,1638629958696
7,0,113,D0:F0:18:43:F8:47,-75,1638629959198
7,0,114,D0:F0:18:43:F8:47,-71,1638629959701
7,0,115,D0:F0:18:43:F8:47,-76,1638629960203
7,0,116,D0:F0:18:43:F8:36,-78,1638629960706
7,0,117,D0:F0:18:43:F8:2A,-71,1638629961210
7,0,118,D0:F0:18:43:F8:47,-73,1638629961713
7,0,119,D0:F0:18:43:F8:36,-79,1638629962216
8,0,0,D0:F0:18:43:F8:2A,-71,1638629965255
8,0,1,D0:F0:18:43:F8:36,-75,1638629965758
8,0,2,D0:F0:18:43:F8:47,-81,1638629966261
8,0,3,D0:F0:18:43:F8:2A,-84,1638629966764
8,0,4,D0:F0:18:43:F8:47,-82,1638629967267
8,0,5,D0:F0:18:43:F8:47,-78,1638629967770
8,0,6,D0:F0:18:43:F8:2A,-73,1638629968272
8,0,7,D0:F0:18:43:F8:2A,-85,1638629968775
8,0,8,D0:F0:18:43:F8:47,-73,1638629969277
8,0,9,D0:F0:18:43:F8:2A,-75,1638629969780
8,0,10,D0:F0:18:43:F8:2A,-76,1638629970283
8,0,11,D0:F0:18:43:F8:2A,-84,1638629970786
8,0,12,D0:F0:18:43:F8:36,-85,1638629971289
8,0,13,D0:F0:18:43:F8:47,-82,1638629971791
8,0,14,D0:F0:18:43:F8:47,-73,1638629972293
8,0,15,D0:F0:18:43:F8:36,-79,1638629972795
8,0,16,D0:F0:18:43:F8:2A,-84,1638629973297
8,0,17,D0:F0:18:43:F8:36,-76,1638629973800
8,0,18,D0:F0:18:43:F8:47,-83,1638629974302
8,0,19,D0:F0:18:43:F8:2A,-82,1638629974805
8,0,20,D0:F0:18:43:F8:47,-73,1638629975307
8,0,21,D0:F0:18:43:F8:36,-88,1638629975809
8,0,22,D0:F0:18:43:F8:2A,-77,1638629976311
8,0,23,D0:F0:18:43:F8:2A,-81,1638629976814
8,0,24,D0:F0:18:43:F8:36,-74,1638629977316
8,0,25,D0:F0:18:43:F8:47,-81,1638629977818
8,0,26,D0:F0:18:43:F8:47,-84,1638629978319
8,0,27,D0:F0:18:43:F8:36,-77,1638629978822
8,0,28,D0:F0:18:43:F8:47,-75,1638629979325
8,0,29,D0:F0:18:43:F8:2A,-89,1638629979827
8,0,30,D0:F0:18:43:F8:47,-78,1638629980329
8,0,31,D0:F0:18:43:F8:47,-78,1638629980831
8,0,32,D0:F0:18:43:F8:2A,-82,1638629981334
8,0,33,D0:F0:18:43:F8:2A,-87,1638629981835
8,0,34,D0:F0:18:43:F8:36,-84,1638629982338
8,0,35,D0:F0:18:43:F8:36,-74,1638629982840
8,0,36,D0:F0:18:43:F8:2A,-84,1638629983341
8,0,37,D0:F0:18:43:F8:47,-86,1638629983843
8,0,38,D0:F0:18:43:F8:47,-75,1638629984345
8,0,39,D0:F0:18:43:F8:2A,-78,1638629984848
8,0,40,D0:F0:18:43:F8:36,-87,1638629985350
8,0,41,D0:F0:18:43:F8:2A,-79,1638629985853
8,0,42,D0:F0:18:43:F8:36,-75,1638629986356
8,0,43,D0:F0:18:43:F8:36,-74,1638629986859
8,0,44,D0:F0:18:43:F8:2A,-81,1638629987361
8,0,45,D0:F0:18:43:F8:2A,-84,1638629987862
8,0,46,D0:F0:18:43:F8:2A,-79,1638629988366
8,0,47,D0:F0:18:43:F8:2A,-78,1638629988868
8,0,48,D0:F0:18:43:F8:36,-79,1638629989371
8,0,49,D0:F0:18:43:F8:47,-71,1638629989873
8,0,50,D0:F0:18:43:F8:47,-73,1638629990376
8,0,51,D0:F0:18:43:F8:36,-86,1638629990879
8,0,52,D0:F0:18:43:F8:2A,-79,1638629991382
8,0,53,D0:F0:18:43:F8:2A,-79,1638629991885
8,0,54,D0:F0:18:43:F8:47,-84,1638629992386
8,0,55,D0:F0:18:43:F8:47,-70,1638629992888
8,0,56,D0:F0:18:43:F8:47,-71,1638629993391
8,0,57,D0:F0:18:43:F8:47,-78,1638629993894
8,0,58,D0:F0:18:43:F8:36,-73,1638629994396
8,0,59,D0:F0:18:43:F8:36,-79,1638629994899
8,0,60,D0:F0:18:43:F8:2A,-74,1638629995402
8,0,61,D0:F0:18:43:F8:36,-79,1638629995905
8,0,62,D0:F0:18:43:F8:2A,-74,1638629996408
8,0,63,D0:F0:18:43:F8:47,-71,1638629996911
8,0,64,D0:F0:18:43:F8:2A,-78,1638629997414
8,0,65,D0:F0:18:43:F8:2A,-77,1638629997917
8,0,66,D0:F0:18:43:F8:47,-79,1638629998420
8,0,67,D0:F0:18:43:F8:2A,-86,1638629998924
8,0,68,D0:F0:18:43:F8:2A,-83,1638629999427
8,0,69,D0:F0:18:43:F8:47,-70,1638629999930
8,0,70,D0:F0:18:43:F8:47,-70,1638630000433
8,0,71,D0:F0:18:43:F8:2A,-76,1638630000935
8,0,72,D0:F0:18:43:F8:47,-87,1638630001438
8,0,73,D0:F0:18:43:F8:47,-83,1638630001940
8,0,74,D0:F0:18:43:F8:36,-81,1638630002443
8,0,75,D0:F0:18:43:F8:36,-79,1638630002946
8,0,76,D0:F0:18:43:F8:47,-74,1638630003449
8,0,77,D0:F0:18:43:F8:36,-81,1638630003952
8,0,78,D0:F0:18:43:F8:36,-77,1638630004454
8,0,79,D0:F0:18:43:F8:2A,-79,1638630004956
8,0,80,D0:F0:18:43:F8:2A,-80,1638630005459
8,0,81,D0:F0:18:43:F8:2A,-80,1638630005961
8,0,82,D0:F0:18:43:F8:47,-83,1638630006464
8,0,83,D0:F0:18:43:F8:2A,-84,1638630006966
8,0,84,D0:F0:18:43:F8:2A,-74,1638630007468
8,0,85,D0:F0:18:43:F8:2A,-78,1638630007971
8,0,86,D0:F0:18:43:F8:2A,-82,1638630008502
8,0,87,D0:F0:18:43:F8:47,-82,1638630009005
8,0,88,D0:F0:18:43:F8:2A,-86,1638630009508
8,0,89,D0:F0:18:43:F8:36,-74,1638630010011
8,0,90,D0:F0:18:43:F8:2A,-87,1638630010514
8,0,91,D0:F0:18:43:F8:47,-83,1638630011017
8,0,92,D0:F0:18:43:F8:36,-85,1638630011520
8,0,93,D0:F0:18:43:F8:2A,-79,1638630012023
8,0,94,D0:F0:18:43:F8:2A,-83,1638630012526
8,0,95,D0:F0:18:43:F8:36,-80,1638630013028
8,0,96,D0:F0:18:43:F8:47,-78,1638630013531
8,0,97,D0:F0:18:43:F8:2A,-75,1638630014034
8,0,98,D0:F0:18:43:F8:36,-84,1638630014535
8,0,99,D0:F0:18:43:F8:36,-73,1638630015038
8,0,100,D0:F0:18:43:F8:2A,-82,1638630015540
8,0,101,D0:F0:18:43:F8:36,-80,1638630016043
8,0,102,D0:F0:18:43:F8:36,-82,1638630016546
8,0,103,D0:F0:18:43:F8:47,-77,1638630017048
8,0,104,D0:F0:18:43:F8:47,-72,1638630017551
8,0,105,D0:F0:18:43:F8:36,-74,1638630018053
8,0,106,D0:F0:18:43:F8:47,-78,1638630018555
8,0,107,D0:F0:18:43:F8:47,-79,1638630019059
8,0,108,D0:F0:18:43:F8:36,-84,1638630019562
8,0,109,D0:F0:18:43:F8:36,-82,1638630020065
8,0,110,D0:F0:18:43:F8:47,-71,1638630020567
8,0,111,D0:F0:18:43:F8:2A,-77,1638630021071
8,0,112,D0:F0:18:43:F8:2A,-77,1638630021574
8,0,113,D0:F0:18:43:F8:47,-78,1638630022076
8,0,114,D0:F0:18:43:F8:36,-74,1638630022579
8,0,115,D0:F0:18:43:F8:2A,-90,1638630023081
8,0,116,D0:F0:18:43:F8:2A,-81,1638630023585
8,0,117,D0:F0:18:43:F8:36,-81,1638630024087
8,0,118,D0:F0:18:43:F8:36,-79,1638630024590
8,0,119,D0:F0:18:43:F8:36,-86,1638630025093
9,0,0,D0:F0:18:43:F8:47,-77,1638630028635
9,0,1,D0:F0:18:43:F8:47,-84,1638630029141
9,0,2,D0:F0:18:43:F8:36,-87,1638630029645
9,0,3,D0:F0:18:43:F8:2A,-76,1638630030149
9,0,4,D0:F0:18:43:F8:36,-85,1638630030652
9,0,5,D0:F0:18:43:F8:36,-86,1638630031154
9,0,6,D0:F0:18:43:F8:36,-73,1638630031657
9,0,7,D0:F0:18:43:F8:2A,-87,1638630032160
9,0,8,D0:F0:18:43:F8:47,-91,1638630032663
9,0,9,D0:F0:18:43:F8:2A,-77,1638630033166
9,0,10,D0:F0:18:43:F8:2A,-87,1638630033670
9,0,11,D0:F0:18:43:F8:36,-85,1638630034173
9,0,12,D0:F0:18:43:F8:36,-73,1638630034676
9,0,13,D0:F0:18:43:F8:36,-73,1638630035179
9,0,14,D0:F0:18:43:F8:36,-88,1638630035682
9,0,15,D0:F0:18:43:F8:47,-79,1638630036185
9,0,16,D0:F0:18:43:F8:47,-80,1638630036688
9,0,17,D0:F0:18:43:F8:2A,-77,1638630037191
9,0,18,D0:F0:18:43:F8:36,-71,1638630037693
9,0,19,D0:F0:18:43:F8:2A,-86,1638630038196
9,0,20,D0:F0:18:43:F8:36,-72,1638630038699
9,0,21,D0:F0:18:43:F8:2A,-87,1638630038860
9,0,22,D0:F0:18:43:F8:47,-80,1638630039529
9,0,23,D0:F0:18:43:F8:36,-86,1638630040031
9,0,24,D0:F0:18:43:F8:2A,-84,1638630040534
9,0,25,D0:F0:18:43:F8:47,-79,1638630041036
9,0,26,D0:F0:18:43:F8:47,-79,1638630041538
9,0,27,D0:F0:18:43:F8:2A,-86,1638630042041
9,0,28,D0:F0:18:43:F8:2A,-87,1638630042543
9,0,29,D0:F0:18:43:F8:2A,-89,1638630043045
9,0,30,D0:F0:18:43:F8:2A,-87,1638630043548
9,0,31,D0:F0:18:43:F8:2A,-89,1638630044050
9,0,32,D0:F0:18:43:F8:2A,-76,1638630044552
9,0,33,D0:F0:18:43:F8:2A,-76,1638630045056
9,0,34,D0:F0:18:43:F8:2A,-76,1638630045558
9,0,35,D0:F0:18:43:F8:36,-85,1638630046060
9,0,36,D0:F0:18:43:F8:2A,-88,1638630046563
9,0,37,D0:F0:18:43:F8:2A,-86,1638630047065
9,0,38,D0:F0:18:43:F8:47,-80,1638630047568
9,0,39,D0:F0:18:43:F8:47,-86,1638630048071
9,0,40,D0:F0:18:43:F8:47,-81,1638630048574
9,0,41,D0:F0:18:43:F8:36,-86,1638630049076
9,0,42,D0:F0:18:43:F8:36,-87,1638630049579
9,0,43,D0:F0:18:43:F8:2A,-82,1638630050082
9,0,44,D0:F0:18:43:F8:47,-86,1638630050583
9,0,45,D0:F0:18:43:F8:2A,-78,1638630051086
9,0,46,D0:F0:18:43:F8:36,-86,1638630051588
9,0,47,D0:F0:18:43:F8:36,-85,1638630052091
9,0,48,D0:F0:18:43:F8:36,-86,1638630052594
9,0,49,D0:F0:18:43:F8:2A,-88,1638630053097
9,0,50,D0:F0:18:43:F8:47,-76,1638630053600
9,0,51,D0:F0:18:43:F8:36,-84,1638630054103
9,0,52,D0:F0:18:43:F8:2A,-78,1638630054606
9,0,53,D0:F0:18:43:F8:36,-85,1638630055110
9,0,54,D0:F0:18:43:F8:36,-84,1638630055613
9,0,55,D0:F0:18:43:F8:36,-73,1638630056117
9,0,56,D0:F0:18:43:F8:36,-73,1638630056619
9,0,57,D0:F0:18:43:F8:47,-86,1638630057123
9,0,58,D0:F0:18:43:F8:2A,-77,1638630057624
9,0,59,D0:F0:18:43:F8:47,-77,1638630058127
9,0,60,D0:F0:18:43:F8:47,-76,1638630058630
9,0,61,D0:F0:18:43:F8:47,-88,1638630059133
9,0,62,D0:F0:18:43:F8:2A,-84,1638630059636
9,0,63,D0:F0:18:43:F8:36,-73,1638630060139
9,0,64,D0:F0:18:43:F8:47,-83,1638630060642
9,0,65,D0:F0:18:43:F8:36,-73,1638630061144
9,0,66,D0:F0:18:43:F8:47,-76,1638630061647
9,0,67,D0:F0:18:43:F8:2A,-85,1638630062150
9,0,68,D0:F0:18:43:F8:2A,-87,1638630062653
9,0,69,D0:F0:18:43:F8:36,-88,1638630063156
9,0,70,D0:F0:18:43:F8:36,-73,1638630063659
9,0,71,D0:F0:18:43:F8:2A,-76,1638630064162
9,0,72,D0:F0:18:43:F8:47,-79,1638630064665
9,0,73,D0:F0:18:43:F8:2A,-76,1638630065166
9,0,74,D0:F0:18:43:F8:2A,-86,1638630065669
9,0,75,D0:F0:18:43:F8:2A,-85,1638630066173
9,0,76,D0:F0:18:43:F8:36,-84,1638630066676
9,0,77,D0:F0:18:43:F8:36,-73,1638630067179
9,0,78,D0:F0:18:43:F8:36,-73,1638630067681
9,0,79,D0:F0:18:43:F8:36,-90,1638630068184
9,0,80,D0:F0:18:43:F8:47,-77,1638630068687
9,0,81,D0:F0:18:43:F8:47,-82,1638630069191
9,0,82,D0:F0:18:43:F8:2A,-74,1638630069694
9,0,83,D0:F0:18:43:F8:2A,-75,1638630070196
9,0,84,D0:F0:18:43:F8:2A,-78,1638630070698
9,0,85,D0:F0:18:43:F8:47,-78,1638630071200
9,0,86,D0:F0:18:43:F8:36,-75,1638630071704
9,0,87,D0:F0:18:43:F8:2A,-80,1638630072206
9,0,88,D0:F0:18:43:F8:2A,-77,1638630072708
9,0,89,D0:F0:18:43:F8:47,-79,1638630073211
9,0,90,D0:F0:18:43:F8:2A,-87,1638630073714
9,0,91,D0:F0:18:43:F8:47,-79,1638630074215
9,0,92,D0:F0:18:43:F8:36,-74,1638630074719
9,0,93,D0:F0:18:43:F8:36,-75,1638630075220
9,0,94,D0:F0:18:43:F8:47,-84,1638630075723
9,0,95,D0:F0:18:43:F8:2A,-75,1638630076226
9,0,96,D0:F0:18:43:F8:36,-88,1638630076728
9,0,97,D0:F0:18:43:F8:2A,-87,1638630077231
9,0,98,D0:F0:18:43:F8:36,-87,1638630077735
9,0,99,D0:F0:18:43:F8:2A,-87,1638630078239
9,0,100,D0:F0:18:43:F8:47,-81,1638630078741
9,0,101,D0:F0:18:43:F8:36,-74,1638630079244
9,0,102,D0:F0:18:43:F8:36,-73,1638630079748
9,0,103,D0:F0:18:43:F8:2A,-79,1638630080251
9,0,104,D0:F0:18:43:F8:36,-87,1638630080753
9,0,105,D0:F0:18:43:F8:47,-82,1638630081255
9,0,106,D0:F0:18:43:F8:2A,-81,1638630081757
9,0,107,D0:F0:18:43:F8:47,-86,1638630082260
9,0,108,D0:F0:18:43:F8:36,-73,1638630082762
9,0,109,D0:F0:18:43:F8:47,-75,1638630083264
9,0,110,D0:F0:18:43:F8:2A,-86,1638630083766
9,0,111,D0:F0:18:43:F8:36,-88,1638630084269
9,0,112,D0:F0:18:43:F8:2A,-88,1638630084772
9,0,113,D0:F0:18:43:F8:2A,-85,1638630085275
9,0,114,D0:F0:18:43:F8:36,-73,1638630085779
9,0,115,D0:F0:18:43:F8:2A,-79,1638630086282
9,0,116,D0:F0:18:43:F8:2A,-85,1638630086785
9,0,117,D0:F0:18:43:F8:36,-74,1638630087287
9,0,118,D0:F0:18:43:F8:36,-74,1638630087789
9,0,119,D0:F0:18:43:F8:47,-74,1638630088291
10,0,0,D0:F0:18:43:F8:36,-75,1638630097370
10,0,1,D0:F0:18:43:F8:47,-74,1638630097873
10,0,2,D0:F0:18:43:F8:2A,-85,1638630098375
10,0,3,D0:F0:18:43:F8:2A,-85,1638630098877
10,0,4,D0:F0:18:43:F8:47,-81,1638630099380
10,0,5,D0:F0:18:43:F8:47,-80,1638630099884
10,0,6,D0:F0:18:43:F8:47,-81,1638630100386
10,0,7,D0:F0:18:43:F8:47,-82,1638630100889
10,0,8,D0:F0:18:43:F8:47,-71,1638630101392
10,0,9,D0:F0:18:43:F8:47,-82,1638630101894
10,0,10,D0:F0:18:43:F8:47,-71,1638630102396
10,0,11,D0:F0:18:43:F8:2A,-86,1638630102898
10,0,12,D0:F0:18:43:F8:47,-79,1638630103401
10,0,13,D0:F0:18:43:F8:36,-85,1638630103904
10,0,14,D0:F0:18:43:F8:47,-79,1638630104405
10,0,15,D0:F0:18:43:F8:47,-79,1638630104908
10,0,16,D0:F0:18:43:F8:47,-70,1638630105411
10,0,17,D0:F0:18:43:F8:47,-71,1638630105913
10,0,18,D0:F0:18:43:F8:2A,-85,1638630106416
10,0,19,D0:F0:18:43:F8:47,-71,1638630106917
10,0,20,D0:F0:18:43:F8:2A,-86,1638630107420
10,0,21,D0:F0:18:43:F8:47,-85,1638630107922
10,0,22,D0:F0:18:43:F8:47,-79,1638630108425
10,0,23,D0:F0:18:43:F8:47,-71,1638630108929
10,0,24,D0:F0:18:43:F8:47,-81,1638630109432
10,0,25,D0:F0:18:43:F8:47,-70,1638630109935
10,0,26,D0:F0:18:43:F8:47,-81,1638630110437
10,0,27,D0:F0:18:43:F8:47,-78,1638630110940
10,0,28,D0:F0:18:43:F8:47,-82,1638630111445
10,0,29,D0:F0:18:43:F8:47,-69,1638630111947
10,0,30,D0:F0:18:43:F8:47,-80,1638630112450
10,0,31,D0:F0:18:43:F8:2A,-86,1638630112952
10,0,32,D0:F0:18:43:F8:36,-81,1638630113455
10,0,33,D0:F0:18:43:F8:2A,-86,1638630113959
10,0,34,D0:F0:18:43:F8:47,-78,1638630114462
10,0,35,D0:F0:18:43:F8:47,-79,1638630114965
10,0,36,D0:F0:18:43:F8:36,-85,1638630115468
10,0,37,D0:F0:18:43:F8:47,-71,1638630115972
10,0,38,D0:F0:18:43:F8:36,-89,1638630116474
10,0,39,D0:F0:18:43:F8:47,-79,1638630116976
10,0,40,D0:F0:18:43:F8:47,-77,1638630117479
10,0,41,D0:F0:18:43:F8:47,-82,1638630117982
10,0,42,D0:F0:18:43:F8:47,-78,1638630118484
10,0,43,D0:F0:18:43:F8:36,-69,1638630118987
10,0,44,D0:F0:18:43:F8:47,-80,1638630119490
10,0,45,D0:F0:18:43:F8:36,-76,1638630119992
10,0,46,D0:F0:18:43:F8:47,-79,1638630120495
10,0,47,D0:F0:18:43:F8:47,-71,1638630120997
10,0,48,D0:F0:18:43:F8:47,-82,1638630121499
10,0,49,D0:F0:18:43:F8:47,-86,1638630122002
10,0,50,D0:F0:18:43:F8:36,-80,1638630122505
10,0,51,D0:F0:18:43:F8:47,-76,1638630123008
10,0,52,D0:F0:18:43:F8:47,-77,1638630123510
10,0,53,D0:F0:18:43:F8:36,-82,1638630124013
10,0,54,D0:F0:18:43:F8:2A,-84,1638630124516
10,0,55,D0:F0:18:43:F8:47,-86,1638630125018
10,0,56,D0:F0:18:43:F8:47,-86,1638630125521
10,0,57,D0:F0:18:43:F8:36,-80,1638630126024
10,0,58,D0:F0:18:43:F8:36,-80,1638630126526
10,0,59,D0:F0:18:43:F8:36,-68,1638630127029
10,0,60,D0:F0:18:43:F8:36,-71,1638630127532
10,0,61,D0:F0:18:43:F8:47,-82,1638630128035
10,0,62,D0:F0:18:43:F8:2A,-82,1638630128537
10,0,63,D0:F0:18:43:F8:36,-83,1638630129040
10,0,64,D0:F0:18:43:F8:47,-73,1638630129543
10,0,65,D0:F0:18:43:F8:36,-75,1638630130044
10,0,66,D0:F0:18:43:F8:36,-80,1638630130547
10,0,67,D0:F0:18:43:F8:36,-70,1638630131049
10,0,68,D0:F0:18:43:F8:47,-82,1638630131553
10,0,69,D0:F0:18:43:F8:47,-70,1638630132056
10,0,70,D0:F0:18:43:F8:47,-87,1638630132559
10,0,71,D0:F0:18:43:F8:47,-72,1638630133062
10,0,72,D0:F0:18:43:F8:47,-83,1638630133565
10,0,73,D0:F0:18:43:F8:47,-81,1638630134068
10,0,74,D0:F0:18:43:F8:2A,-85,1638630134570
10,0,75,D0:F0:18:43:F8:36,-86,1638630135073
10,0,76,D0:F0:18:43:F8:47,-71,1638630135576
10,0,77,D0:F0:18:43:F8:47,-84,1638630136079
10,0,78,D0:F0:18:43:F8:2A,-88,1638630136582
10,0,79,D0:F0:18:43:F8:47,-85,1638630137084
10,0,80,D0:F0:18:43:F8:2A,-86,1638630137587
10,0,81,D0:F0:18:43:F8:47,-88,1638630138090
10,0,82,D0:F0:18:43:F8:2A,-86,1638630138592
10,0,83,D0:F0:18:43:F8:36,-87,1638630139095
10,0,84,D0:F0:18:43:F8:2A,-85,1638630139597
10,0,85,D0:F0:18:43:F8:2A,-85,1638630140100
10,0,86,D0:F0:18:43:F8:36,-70,1638630140602
10,0,87,D0:F0:18:43:F8:36,-70,1638630141105
10,0,88,D0:F0:18:43:F8:36,-83,1638630141608
10,0,89,D0:F0:18:43:F8:47,-80,1638630142110
10,0,90,D0:F0:18:43:F8:36,-86,1638630142612
10,0,91,D0:F0:18:43:F8:47,-77,1638630143115
10,0,92,D0:F0:18:43:F8:2A,-82,1638630143617
10,0,93,D0:F0:18:43:F8:36,-70,1638630144120
10,0,94,D0:F0:18:43:F8:47,-85,1638630144624
10,0,95,D0:F0:18:43:F8:47,-82,1638630145126
10,0,96,D0:F0:18:43:F8:2A,-90,1638630145629
10,0,97,D0:F0:18:43:F8:2A,-82,1638630146132
10,0,98,D0:F0:18:43:F8:2A,-83,1638630146634
10,0,99,D0:F0:18:43:F8:36,-83,1638630147137
10,0,100,D0:F0:18:43:F8:36,-82,1638630147640
10,0,101,D0:F0:18:43:F8:36,-71,1638630148142
10,0,102,D0:F0:18:43:F8:47,-71,1638630148644
10,0,103,D0:F0:18:43:F8:47,-71,1638630149146
10,0,104,D0:F0:18:43:F8:47,-72,1638630149650
10,0,105,D0:F0:18:43:F8:36,-86,1638630150152
10,0,106,D0:F0:18:43:F8:47,-71,1638630150655
10,0,107,D0:F0:18:43:F8:47,-76,1638630151157
10,0,108,D0:F0:18:43:F8:36,-78,1638630151660
10,0,109,D0:F0:18:43:F8:36,-76,1638630152163
10,0,110,D0:F0:18:43:F8:36,-85,1638630152666
10,0,111,D0:F0:18:43:F8:47,-80,1638630153169
10,0,112,D0:F0:18:43:F8:2A,-83,1638630153672
10,0,113,D0:F0:18:43:F8:36,-74,1638630154175
10,0,114,D0:F0:18:43:F8:47,-84,1638630154677
10,0,115,D0:F0:18:43:F8:36,-81,1638630155180
10,0,116,D0:F0:18:43:F8:2A,-86,1638630155683
10,0,117,D0:F0:18:43:F8:36,-84,1638630156186
10,0,118,D0:F0:18:43:F8:2A,-86,1638630156688
10,0,119,D0:F0:18:43:F8:36,-68,1638630157191
11,0,0,D0:F0:18:43:F8:36,-62,1638630160723
11,0,1,D0:F0:18:43:F8:47,-80,1638630161229
11,0,2,D0:F0:18:43:F8:2A,-81,1638630161733
11,0,3,D0:F0:18:43:F8:36,-63,1638630162236
11,0,4,D0:F0:18:43:F8:47,-76,1638630162739
11,0,5,D0:F0:18:43:F8:2A,-87,1638630163242
11,0,6,D0:F0:18:43:F8:36,-64,1638630163745
11,0,7,D0:F0:18:43:F8:47,-75,1638630164249
11,0,8,D0:F0:18:43:F8:36,-64,1638630164752
11,0,9,D0:F0:18:43:F8:36,-64,1638630165255
11,0,10,D0:F0:18:43:F8:36,-63,1638630165757
11,0,11,D0:F0:18:43:F8:47,-76,1638630166259
11,0,12,D0:F0:18:43:F8:36,-62,1638630166761
11,0,13,D0:F0:18:43:F8:36,-63,1638630167263
11,0,14,D0:F0:18:43:F8:2A,-80,1638630167764
11,0,15,D0:F0:18:43:F8:36,-63,1638630168268
11,0,16,D0:F0:18:43:F8:36,-63,1638630168771
11,0,17,D0:F0:18:43:F8:47,-77,1638630169274
11,0,18,D0:F0:18:43:F8:47,-78,1638630169777
11,0,19,D0:F0:18:43:F8:36,-62,1638630170280
11,0,20,D0:F0:18:43:F8:36,-62,1638630170784
11,0,21,D0:F0:18:43:F8:36,-62,1638630171286
11,0,22,D0:F0:18:43:F8:36,-62,1638630171788
11,0,23,D0:F0:18:43:F8:36,-63,1638630172292
11,0,24,D0:F0:18:43:F8:36,-64,1638630172795
11,0,25,D0:F0:18:43:F8:36,-64,1638630173297
11,0,26,D0:F0:18:43:F8:36,-65,1638630173799
11,0,27,D0:F0:18:43:F8:2A,-80,1638630174302
11,0,28,D0:F0:18:43:F8:36,-64,1638630174804
11,0,29,D0:F0:18:43:F8:36,-64,1638630175306
11,0,30,D0:F0:18:43:F8:47,-77,1638630175809
11,0,31,D0:F0:18:43:F8:36,-64,1638630176312
11,0,32,D0:F0:18:43:F8:47,-79,1638630176815
11,0,33,D0:F0:18:43:F8:47,-79,1638630177318
11,0,34,D0:F0:18:43:F8:2A,-79,1638630177820
11,0,35,D0:F0:18:43:F8:36,-63,1638630178324
11,0,36,D0:F0:18:43:F8:2A,-86,1638630178826
11,0,37,D0:F0:18:43:F8:2A,-79,1638630179329
11,0,38,D0:F0:18:43:F8:36,-62,1638630179831
11,0,39,D0:F0:18:43:F8:36,-64,1638630180333
11,0,40,D0:F0:18:43:F8:2A,-78,1638630180836
11,0,41,D0:F0:18:43:F8:36,-62,1638630181340
11,0,42,D0:F0:18:43:F8:47,-81,1638630181843
11,0,43,D0:F0:18:43:F8:2A,-82,1638630182347
11,0,44,D0:F0:18:43:F8:36,-63,1638630182850
11,0,45,D0:F0:18:43:F8:36,-65,1638630183353
11,0,46,D0:F0:18:43:F8:2A,-79,1638630183856
11,0,47,D0:F0:18:43:F8:36,-65,1638630184359
11,0,48,D0:F0:18:43:F8:47,-76,1638630184861
11,0,49,D0:F0:18:43:F8:36,-64,1638630185364
11,0,50,D0:F0:18:43:F8:2A,-80,1638630185866
11,0,51,D0:F0:18:43:F8:2A,-80,1638630186369
11,0,52,D0:F0:18:43:F8:36,-64,1638630186872
11,0,53,D0:F0:18:43:F8:2A,-79,1638630187374
11,0,54,D0:F0:18:43:F8:36,-62,1638630187876
11,0,55,D0:F0:18:43:F8:36,-61,1638630188378
11,0,56,D0:F0:18:43:F8:47,-76,1638630188881
11,0,57,D0:F0:18:43:F8:2A,-83,1638630189383
11,0,58,D0:F0:18:43:F8:2A,-82,1638630189886
11,0,59,D0:F0:18:43:F8:36,-63,1638630190388
11,0,60,D0:F0:18:43:F8:2A,-82,1638630190891
11,0,61,D0:F0:18:43:F8:47,-82,1638630191394
11,0,62,D0:F0:18:43:F8:36,-62,1638630191896
11,0,63,D0:F0:18:43:F8:36,-63,1638630192399
11,0,64,D0:F0:18:43:F8:47,-77,1638630192902
11,0,65,D0:F0:18:43:F8:47,-80,1638630193404
11,0,66,D0:F0:18:43:F8:2A,-82,1638630193907
11,0,67,D0:F0:18:43:F8:47,-75,1638630194409
11,0,68,D0:F0:18:43:F8:2A,-81,1638630194912
11,0,69,D0:F0:18:43:F8:2A,-80,1638630195414
11,0,70,D0:F0:18:43:F8:47,-78,1638630195915
11,0,71,D0:F0:18:43:F8:47,-74,1638630196418
11,0,72,D0:F0:18:43:F8:47,-74,1638630196921
11,0,73,D0:F0:18:43:F8:47,-83,1638630197423
11,0,74,D0:F0:18:43:F8:36,-62,1638630197926
11,0,75,D0:F0:18:43:F8:36,-62,1638630198429
11,0,76,D0:F0:18:43:F8:2A,-86,1638630198932
11,0,77,D0:F0:18:43:F8:36,-62,1638630199435
11,0,78,D0:F0:18:43:F8:47,-78,1638630199938
11,0,79,D0:F0:18:43:F8:2A,-87,1638630200440
11,0,80,D0:F0:18:43:F8:36,-64,1638630200943
11,0,81,D0:F0:18:43:F8:36,-64,1638630201446
11,0,82,D0:F0:18:43:F8:47,-77,1638630201949
11,0,83,D0:F0:18:43:F8:36,-64,1638630202451
11,0,84,D0:F0:18:43:F8:36,-64,1638630202955
11,0,85,D0:F0:18:43:F8:36,-62,1638630203457
11,0,86,D0:F0:18:43:F8:47,-80,1638630203960
11,0,87,D0:F0:18:43:F8:36,-63,1638630204463
11,0,88,D0:F0:18:43:F8:47,-78,1638630204966
11,0,89,D0:F0:18:43:F8:36,-62,1638630205469
11,0,90,D0:F0:18:43:F8:36,-61,1638630205971
11,0,91,D0:F0:18:43:F8:47,-76,1638630206474
11,0,92,D0:F0:18:43:F8:36,-64,1638630206977
11,0,93,D0:F0:18:43:F8:36,-62,1638630207479
11,0,94,D0:F0:18:43:F8:36,-62,1638630207982
11,0,95,D0:F0:18:43:F8:2A,-81,1638630208483
11,0,96,D0:F0:18:43:F8:47,-80,1638630208987
11,0,97,D0:F0:18:43:F8:2A,-81,1638630209492
11,0,98,D0:F0:18:43:F8:36,-61,1638630209993
11,0,99,D0:F0:18:43:F8:2A,-80,1638630210496
11,0,100,D0:F0:18:43:F8:2A,-80,1638630210999
11,0,101,D0:F0:18:43:F8:2A,-80,1638630211502
11,0,102,D0:F0:18:43:F8:2A,-82,1638630212006
11,0,103,D0:F0:18:43:F8:2A,-81,1638630212509
11,0,104,D0:F0:18:43:F8:47,-78,1638630213012
11,0,105,D0:F0:18:43:F8:47,-75,1638630213514
11,0,106,D0:F0:18:43:F8:2A,-77,1638630214016
11,0,107,D0:F0:18:43:F8:2A,-78,1638630214519
11,0,108,D0:F0:18:43:F8:2A,-79,1638630215021
11,0,109,D0:F0:18:43:F8:2A,-81,1638630215525
11,0,110,D0:F0:18:43:F8:2A,-84,1638630216028
11,0,111,D0:F0:18:43:F8:47,-80,1638630216531
11,0,112,D0:F0:18:43:F8:47,-78,1638630217036
11,0,113,D0:F0:18:43:F8:2A,-82,1638630217539
11,0,114,D0:F0:18:43:F8:47,-79,1638630218042
11,0,115,D0:F0:18:43:F8:36,-62,1638630218545
11,0,116,D0:F0:18:43:F8:36,-62,1638630219047
11,0,117,D0:F0:18:43:F8:47,-85,1638630219550
11,0,118,D0:F0:18:43:F8:36,-63,1638630220053
11,0,119,D0:F0:18:43:F8:47,-79,1638630220556
12,0,0,D0:F0:18:43:F8:47,-72,1638630224099
12,0,1,D0:F0:18:43:F8:36,-67,1638630224604
12,0,2,D0:F0:18:43:F8:36,-69,1638630225108
12,0,3,D0:F0:18:43:F8:36,-69,1638630225610
12,0,4,D0:F0:18:43:F8:2A,-80,1638630226113
12,0,5,D0:F0:18:43:F8:36,-69,1638630226616
12,0,6,D0:F0:18:43:F8:36,-67,1638630227119
12,0,7,D0:F0:18:43:F8:36,-67,1638630227622
12,0,8,D0:F0:18:43:F8:2A,-83,1638630228126
12,0,9,D0:F0:18:43:F8:2A,-86,1638630228629
12,0,10,D0:F0:18:43:F8:2A,-84,1638630229132
12,0,11,D0:F0:18:43:F8:2A,-80,1638630229636
12,0,12,D0:F0:18:43:F8:2A,-80,1638630230139
12,0,13,D0:F0:18:43:F8:47,-82,1638630230643
12,0,14,D0:F0:18:43:F8:47,-85,1638630231145
12,0,15,D0:F0:18:43:F8:36,-69,1638630231647
12,0,16,D0:F0:18:43:F8:36,-67,1638630232150
12,0,17,D0:F0:18:43:F8:47,-82,1638630232653
12,0,18,D0:F0:18:43:F8:2A,-81,1638630233156
12,0,19,D0:F0:18:43:F8:2A,-83,1638630233658
12,0,20,D0:F0:18:43:F8:47,-82,1638630234160
12,0,21,D0:F0:18:43:F8:2A,-85,1638630234663
12,0,22,D0:F0:18:43:F8:47,-81,1638630235165
12,0,23,D0:F0:18:43:F8:36,-66,1638630235667
12,0,24,D0:F0:18:43:F8:47,-81,1638630236171
12,0,25,D0:F0:18:43:F8:36,-66,1638630236673
12,0,26,D0:F0:18:43:F8:47,-80,1638630237176
12,0,27,D0:F0:18:43:F8:47,-78,1638630237679
12,0,28,D0:F0:18:43:F8:47,-80,1638630238181
12,0,29,D0:F0:18:43:F8:36,-69,1638630238685
12,0,30,D0:F0:18:43:F8:47,-81,1638630239188
12,0,31,D0:F0:18:43:F8:2A,-80,1638630239691
12,0,32,D0:F0:18:43:F8:36,-67,1638630240192
12,0,33,D0:F0:18:43:F8:36,-65,1638630240694
12,0,34,D0:F0:18:43:F8:2A,-80,1638630241197
12,0,35,D0:F0:18:43:F8:36,-66,1638630241698
12,0,36,D0:F0:18:43:F8:47,-81,1638630242201
12,0,37,D0:F0:18:43:F8:47,-79,1638630242704
12,0,38,D0:F0:18:43:F8:36,-70,1638630243207
12,0,39,D0:F0:18:43:F8:2A,-83,1638630243710
12,0,40,D0:F0:18:43:F8:36,-65,1638630244214
12,0,41,D0:F0:18:43:F8:36,-66,1638630244717
12,0,42,D0:F0:18:43:F8:36,-67,1638630245220
12,0,43,D0:F0:18:43:F8:2A,-83,1638630245723
12,0,44,D0:F0:18:43:F8:36,-69,1638630246225
12,0,45,D0:F0:18:43:F8:36,-68,1638630246727
12,0,46,D0:F0:18:43:F8:47,-72,1638630247229
12,0,47,D0:F0:18:43:F8:36,-67,1638630247732
12,0,48,D0:F0:18:43:F8:36,-69,1638630248235
12,0,49,D0:F0:18:43:F8:2A,-85,1638630248739
12,0,50,D0:F0:18:43:F8:47,-77,1638630249241
12,0,51,D0:F0:18:43:F8:36,-65,1638630249744
12,0,52,D0:F0:18:43:F8:36,-64,1638630250247
12,0,53,D0:F0:18:43:F8:36,-68,1638630250749
12,0,54,D0:F0:18:43:F8:36,-68,1638630251252
12,0,55,D0:F0:18:43:F8:36,-68,1638630251754
12,0,56,D0:F0:18:43:F8:47,-72,1638630252256
12,0,57,D0:F0:18:43:F8:36,-66,1638630252758
12,0,58,D0:F0:18:43:F8:2A,-86,1638630253261
12,0,59,D0:F0:18:43:F8:47,-76,1638630253764
12,0,60,D0:F0:18:43:F8:36,-66,1638630254267
12,0,61,D0:F0:18:43:F8:47,-78,1638630254769
12,0,62,D0:F0:18:43:F8:2A,-86,1638630255270
12,0,63,D0:F0:18:43:F8:36,-67,1638630255773
12,0,64,D0:F0:18:43:F8:36,-68,1638630256276
12,0,65,D0:F0:18:43:F8:47,-80,1638630256779
12,0,66,D0:F0:18:43:F8:36,-69,1638630257280
12,0,67,D0:F0:18:43:F8:36,-68,1638630257782
12,0,68,D0:F0:18:43:F8:36,-70,1638630258285
12,0,69,D0:F0:18:43:F8:36,-70,1638630258788
12,0,70,D0:F0:18:43:F8:36,-69,1638630259291
12,0,71,D0:F0:18:43:F8:36,-67,1638630259794
12,0,72,D0:F0:18:43:F8:36,-69,1638630260297
12,0,73,D0:F0:18:43:F8:36,-69,1638630260799
12,0,74,D0:F0:18:43:F8:2A,-82,1638630261302
12,0,75,D0:F0:18:43:F8:36,-68,1638630261804
12,0,76,D0:F0:18:43:F8:36,-68,1638630262308
12,0,77,D0:F0:18:43:F8:2A,-87,1638630262812
12,0,78,D0:F0:18:43:F8:36,-68,1638630263314
12,0,79,D0:F0:18:43:F8:36,-65,1638630263817
12,0,80,D0:F0:18:43:F8:36,-68,1638630264320
12,0,81,D0:F0:18:43:F8:47,-77,1638630264823
12,0,82,D0:F0:18:43:F8:36,-67,1638630265326
12,0,83,D0:F0:18:43:F8:47,-72,1638630265828
12,0,84,D0:F0:18:43:F8:36,-65,1638630266330
12,0,85,D0:F0:18:43:F8:47,-70,1638630266834
12,0,86,D0:F0:18:43:F8:47,-74,1638630267337
12,0,87,D0:F0:18:43:F8:47,-76,1638630267840
12,0,88,D0:F0:18:43:F8:36,-68,1638630268343
12,0,89,D0:F0:18:43:F8:47,-74,1638630268844
12,0,90,D0:F0:18:43:F8:36,-66,1638630269347
12,0,91,D0:F0:18:43:F8:36,-68,1638630269849
12,0,92,D0:F0:18:43:F8:47,-77,1638630270351
12,0,93,D0:F0:18:43:F8:36,-68,1638630270854
12,0,94,D0:F0:18:43:F8:47,-73,1638630271356
12,0,95,D0:F0:18:43:F8:47,-79,1638630271858
12,0,96,D0:F0:18:43:F8:36,-69,1638630272361
12,0,97,D0:F0:18:43:F8:36,-65,1638630272865
12,0,98,D0:F0:18:43:F8:47,-87,1638630273367
12,0,99,D0:F0:18:43:F8:47,-85,1638630273870
12,0,100,D0:F0:18:43:F8:36,-69,1638630274373
12,0,101,D0:F0:18:43:F8:47,-77,1638630274876
12,0,102,D0:F0:18:43:F8:47,-77,1638630275380
12,0,103,D0:F0:18:43:F8:47,-77,1638630275882
12,0,104,D0:F0:18:43:F8:36,-67,1638630276385
12,0,105,D0:F0:18:43:F8:36,-67,1638630276887
12,0,106,D0:F0:18:43:F8:2A,-86,1638630277391
12,0,107,D0:F0:18:43:F8:47,-79,1638630277894
12,0,108,D0:F0:18:43:F8:2A,-91,1638630278396
12,0,109,D0:F0:18:43:F8:47,-81,1638630278900
12,0,110,D0:F0:18:43:F8:2A,-88,1638630279402
12,0,111,D0:F0:18:43:F8:36,-68,1638630279904
12,0,112,D0:F0:18:43:F8:36,-68,1638630280407
12,0,113,D0:F0:18:43:F8:2A,-84,1638630280910
12,0,114,D0:F0:18:43:F8:2A,-83,1638630281413
12,0,115,D0:F0:18:43:F8:36,-66,1638630281915
12,0,116,D0:F0:18:43:F8:47,-75,1638630282419
12,0,117,D0:F0:18:43:F8:36,-71,1638630282923
12,0,118,D0:F0:18:43:F8:36,-68,1638630283425
12,0,119,D0:F0:18:43:F8:2A,-90,1638630283927
13,0,0,D0:F0:18:43:F8:47,-70,1638630286968
13,0,1,D0:F0:18:43:F8:47,-70,1638630287473
13,0,2,D0:F0:18:43:F8:47,-78,1638630287977
13,0,3,D0:F0:18:43:F8:47,-74,1638630288480
13,0,4,D0:F0:18:43:F8:47,-71,1638630288983
13,0,5,D0:F0:18:43:F8:47,-71,1638630289486
13,0,6,D0:F0:18:43:F8:47,-71,1638630289989
13,0,7,D0:F0:18:43:F8:2A,-89,1638630290492
13,0,8,D0:F0:18:43:F8:2A,-86,1638630290995
13,0,9,D0:F0:18:43:F8:36,-79,1638630291498
13,0,10,D0:F0:18:43:F8:47,-69,1638630292001
13,0,11,D0:F0:18:43:F8:36,-78,1638630292504
13,0,12,D0:F0:18:43:F8:36,-80,1638630293007
13,0,13,D0:F0:18:43:F8:47,-76,1638630293509
13,0,14,D0:F0:18:43:F8:47,-74,1638630294013
13,0,15,D0:F0:18:43:F8:36,-81,1638630294516
13,0,16,D0:F0:18:43:F8:47,-71,1638630295018
13,0,17,D0:F0:18:43:F8:2A,-85,1638630295519
13,0,18,D0:F0:18:43:F8:36,-78,1638630296021
13,0,19,D0:F0:18:43:F8:2A,-85,1638630296524
13,0,20,D0:F0:18:43:F8:2A,-89,1638630297027
13,0,21,D0:F0:18:43:F8:47,-74,1638630297530
13,0,22,D0:F0:18:43:F8:2A,-85,1638630298032
13,0,23,D0:F0:18:43:F8:47,-71,1638630298535
13,0,24,D0:F0:18:43:F8:47,-72,1638630299038
13,0,25,D0:F0:18:43:F8:47,-69,1638630299542
13,0,26,D0:F0:18:43:F8:47,-77,1638630300045
13,0,27,D0:F0:18:43:F8:47,-68,1638630300548
13,0,28,D0:F0:18:43:F8:2A,-86,1638630301051
13,0,29,D0:F0:18:43:F8:47,-72,1638630301552
13,0,30,D0:F0:18:43:F8:2A,-86,1638630302054
13,0,31,D0:F0:18:43:F8:47,-76,1638630302557
13,0,32,D0:F0:18:43:F8:2A,-83,1638630303059
13,0,33,D0:F0:18:43:F8:2A,-81,1638630303562
13,0,34,D0:F0:18:43:F8:36,-80,1638630304064
13,0,35,D0:F0:18:43:F8:2A,-84,1638630304566
13,0,36,D0:F0:18:43:F8:47,-68,1638630305069
13,0,37,D0:F0:18:43:F8:36,-79,1638630305572
13,0,38,D0:F0:18:43:F8:2A,-86,1638630306075
13,0,39,D0:F0:18:43:F8:2A,-79,1638630306578
13,0,40,D0:F0:18:43:F8:36,-76,1638630307081
13,0,41,D0:F0:18:43:F8:2A,-88,1638630307584
13,0,42,D0:F0:18:43:F8:36,-76,1638630308086
13,0,43,D0:F0:18:43:F8:36,-79,1638630308589
13,0,44,D0:F0:18:43:F8:47,-78,1638630309091
13,0,45,D0:F0:18:43:F8:36,-75,1638630309594
13,0,46,D0:F0:18:43:F8:36,-83,1638630310095
13,0,47,D0:F0:18:43:F8:36,-82,1638630310598
13,0,48,D0:F0:18:43:F8:36,-84,1638630311102
13,0,49,D0:F0:18:43:F8:36,-77,1638630311604
13,0,50,D0:F0:18:43:F8:2A,-83,1638630312107
13,0,51,D0:F0:18:43:F8:2A,-82,1638630312610
13,0,52,D0:F0:18:43:F8:36,-81,1638630313112
13,0,53,D0:F0:18:43:F8:47,-72,1638630313616
13,0,54,D0:F0:18:43:F8:2A,-84,1638630314119
13,0,55,D0:F0:18:43:F8:36,-81,1638630314622
13,0,56,D0:F0:18:43:F8:36,-78,1638630315124
13,0,57,D0:F0:18:43:F8:2A,-81,1638630315627
13,0,58,D0:F0:18:43:F8:36,-86,1638630316130
13,0,59,D0:F0:18:43:F8:2A,-82,1638630316632
13,0,60,D0:F0:18:43:F8:36,-77,1638630317135
13,0,61,D0:F0:18:43:F8:2A,-82,1638630317638
13,0,62,D0:F0:18:43:F8:36,-77,1638630318141
13,0,63,D0:F0:18:43:F8:2A,-82,1638630318644
13,0,64,D0:F0:18:43:F8:2A,-84,1638630319147
13,0,65,D0:F0:18:43:F8:47,-72,1638630319650
13,0,66,D0:F0:18:43:F8:47,-71,1638630320152
13,0,67,D0:F0:18:43:F8:36,-82,1638630320655
13,0,68,D0:F0:18:43:F8:36,-78,1638630321156
13,0,69,D0:F0:18:43:F8:36,-85,1638630321659
13,0,70,D0:F0:18:43:F8:2A,-80,1638630322162
13,0,71,D0:F0:18:43:F8:2A,-79,1638630322664
13,0,72,D0:F0:18:43:F8:47,-73,1638630323167
13,0,73,D0:F0:18:43:F8:2A,-82,1638630323670
13,0,74,D0:F0:18:43:F8:2A,-81,1638630324175
13,0,75,D0:F0:18:43:F8:36,-76,1638630324677
13,0,76,D0:F0:18:43:F8:2A,-89,1638630325179
13,0,77,D0:F0:18:43:F8:2A,-80,1638630325681
13,0,78,D0:F0:18:43:F8:2A,-80,1638630326184
13,0,79,D0:F0:18:43:F8:47,-76,1638630326685
13,0,80,D0:F0:18:43:F8:2A,-80,1638630327187
13,0,81,D0:F0:18:43:F8:36,-80,1638630327691
13,0,82,D0:F0:18:43:F8:47,-68,1638630328193
13,0,83,D0:F0:18:43:F8:47,-68,1638630328696
13,0,84,D0:F0:18:43:F8:2A,-86,1638630329200
13,0,85,D0:F0:18:43:F8:36,-84,1638630329703
13,0,86,D0:F0:18:43:F8:2A,-86,1638630330207
13,0,87,D0:F0:18:43:F8:2A,-84,1638630330709
13,0,88,D0:F0:18:43:F8:2A,-84,1638630331211
13,0,89,D0:F0:18:43:F8:2A,-83,1638630331714
13,0,90,D0:F0:18:43:F8:2A,-89,1638630332216
13,0,91,D0:F0:18:43:F8:36,-80,1638630332719
13,0,92,D0:F0:18:43:F8:36,-77,1638630333222
13,0,93,D0:F0:18:43:F8:36,-77,1638630333725
13,0,94,D0:F0:18:43:F8:36,-79,1638630334228
13,0,95,D0:F0:18:43:F8:36,-83,1638630334730
13,0,96,D0:F0:18:43:F8:36,-80,1638630335232
13,0,97,D0:F0:18:43:F8:36,-79,1638630335736
13,0,98,D0:F0:18:43:F8:47,-74,1638630336239
13,0,99,D0:F0:18:43:F8:36,-75,1638630336743
13,0,100,D0:F0:18:43:F8:36,-78,1638630337245
13,0,101,D0:F0:18:43:F8:36,-79,1638630337748
13,0,102,D0:F0:18:43:F8:36,-86,1638630338251
13,0,103,D0:F0:18:43:F8:36,-78,1638630338754
13,0,104,D0:F0:18:43:F8:47,-73,1638630339038
13,0,105,D0:F0:18:43:F8:36,-79,1638630339711
13,0,106,D0:F0:18:43:F8:36,-79,1638630340212
13,0,107,D0:F0:18:43:F8:36,-76,1638630340715
13,0,108,D0:F0:18:43:F8:36,-75,1638630341218
13,0,109,D0:F0:18:43:F8:47,-70,1638630341720
13,0,110,D0:F0:18:43:F8:36,-86,1638630342223
13,0,111,D0:F0:18:43:F8:2A,-82,1638630342724
13,0,112,D0:F0:18:43:F8:47,-68,1638630343226
13,0,113,D0:F0:18:43:F8:36,-80,1638630343728
13,0,114,D0:F0:18:43:F8:36,-79,1638630344232
13,0,115,D0:F0:18:43:F8:47,-72,1638630344734
13,0,116,D0:F0:18:43:F8:36,-74,1638630345237
13,0,117,D0:F0:18:43:F8:2A,-88,1638630345740
13,0,118,D0:F0:18:43:F8:36,-79,1638630346242
13,0,119,D0:F0:18:43:F8:36,-80,1638630346744
14,0,0,D0:F0:18:43:F8:47,-81,1638630350787
14,0,1,D0:F0:18:43:F8:47,-80,1638630351293
14,0,2,D0:F0:18:43:F8:36,-85,1638630351796
14,0,3,D0:F0:18:43:F8:2A,-81,1638630352299
14,0,4,D0:F0:18:43:F8:2A,-79,1638630352802
14,0,5,D0:F0:18:43:F8:36,-83,1638630353304
14,0,6,D0:F0:18:43:F8:47,-78,1638630353808
14,0,7,D0:F0:18:43:F8:2A,-87,1638630354311
14,0,8,D0:F0:18:43:F8:47,-81,1638630354813
14,0,9,D0:F0:18:43:F8:36,-79,1638630355316
14,0,10,D0:F0:18:43:F8:47,-82,1638630355819
14,0,11,D0:F0:18:43:F8:47,-80,1638630356322
14,0,12,D0:F0:18:43:F8:2A,-85,1638630356825
14,0,13,D0:F0:18:43:F8:47,-79,1638630357327
14,0,14,D0:F0:18:43:F8:47,-86,1638630357830
14,0,15,D0:F0:18:43:F8:36,-73,1638630358332
14,0,16,D0:F0:18:43:F8:47,-80,1638630358837
14,0,17,D0:F0:18:43:F8:47,-83,1638630359340
14,0,18,D0:F0:18:43:F8:36,-78,1638630359841
14,0,19,D0:F0:18:43:F8:2A,-87,1638630360343
14,0,20,D0:F0:18:43:F8:47,-84,1638630360844
14,0,21,D0:F0:18:43:F8:47,-85,1638630361346
14,0,22,D0:F0:18:43:F8:36,-79,1638630361851
14,0,23,D0:F0:18:43:F8:47,-78,1638630362353
14,0,24,D0:F0:18:43:F8:47,-86,1638630362855
14,0,25,D0:F0:18:43:F8:47,-85,1638630363358
14,0,26,D0:F0:18:43:F8:36,-73,1638630363861
14,0,27,D0:F0:18:43:F8:36,-85,1638630364364
14,0,28,D0:F0:18:43:F8:2A,-77,1638630364867
14,0,29,D0:F0:18:43:F8:36,-78,1638630365370
14,0,30,D0:F0:18:43:F8:36,-82,1638630365872
14,0,31,D0:F0:18:43:F8:47,-77,1638630366376
14,0,32,D0:F0:18:43:F8:36,-76,1638630366880
14,0,33,D0:F0:18:43:F8:36,-76,1638630367382
14,0,34,D0:F0:18:43:F8:2A,-79,1638630367885
14,0,35,D0:F0:18:43:F8:2A,-82,1638630368387
14,0,36,D0:F0:18:43:F8:36,-78,1638630368889
14,0,37,D0:F0:18:43:F8:36,-75,1638630369393
14,0,38,D0:F0:18:43:F8:2A,-84,1638630369896
14,0,39,D0:F0:18:43:F8:36,-75,1638630370399
14,0,40,D0:F0:18:43:F8:47,-76,1638630370903
14,0,41,D0:F0:18:43:F8:47,-81,1638630371406
14,0,42,D0:F0:18:43:F8:36,-85,1638630371910
14,0,43,D0:F0:18:43:F8:2A,-80,1638630372412
14,0,44,D0:F0:18:43:F8:2A,-81,1638630372915
14,0,45,D0:F0:18:43:F8:47,-82,1638630373417
14,0,46,D0:F0:18:43:F8:36,-78,1638630373919
14,0,47,D0:F0:18:43:F8:47,-83,1638630374422
14,0,48,D0:F0:18:43:F8:36,-78,1638630374925
14,0,49,D0:F0:18:43:F8:36,-75,1638630375428
14,0,50,D0:F0:18:43:F8:2A,-87,1638630375930
14,0,51,D0:F0:18:43:F8:36,-83,1638630376433
14,0,52,D0:F0:18:43:F8:36,-78,1638630376936
14,0,53,D0:F0:18:43:F8:47,-80,1638630377437
14,0,54,D0:F0:18:43:F8:36,-75,1638630377939
14,0,55,D0:F0:18:43:F8:2A,-88,1638630378443
14,0,56,D0:F0:18:43:F8:47,-80,1638630378945
14,0,57,D0:F0:18:43:F8:2A,-88,1638630379448
14,0,58,D0:F0:18:43:F8:2A,-87,1638630379949
14,0,59,D0:F0:18:43:F8:47,-78,1638630380454
14,0,60,D0:F0:18:43:F8:2A,-86,1638630380957
14,0,61,D0:F0:18:43:F8:47,-79,1638630381460
14,0,62,D0:F0:18:43:F8:47,-76,1638630381962
14,0,63,D0:F0:18:43:F8:36,-78,1638630382464
14,0,64,D0:F0:18:43:F8:36,-79,1638630382969
14,0,65,D0:F0:18:43:F8:47,-80,1638630383472
14,0,66,D0:F0:18:43:F8:47,-77,1638630383975
14,0,67,D0:F0:18:43:F8:2A,-88,1638630384479
14,0,68,D0:F0:18:43:F8:47,-75,1638630384982
14,0,69,D0:F0:18:43:F8:47,-79,1638630385483
14,0,70,D0:F0:18:43:F8:36,-82,1638630385986
14,0,71,D0:F0:18:43:F8:2A,-86,1638630386488
14,0,72,D0:F0:18:43:F8:47,-77,1638630386991
14,0,73,D0:F0:18:43:F8:36,-84,1638630387496
14,0,74,D0:F0:18:43:F8:36,-78,1638630387999
14,0,75,D0:F0:18:43:F8:47,-83,1638630388502
14,0,76,D0:F0:18:43:F8:36,-75,1638630389005
14,0,77,D0:F0:18:43:F8:36,-76,1638630389507
14,0,78,D0:F0:18:43:F8:47,-78,1638630390011
14,0,79,D0:F0:18:43:F8:36,-78,1638630390514
14,0,80,D0:F0:18:43:F8:36,-76,1638630391017
14,0,81,D0:F0:18:43:F8:47,-79,1638630391519
14,0,82,D0:F0:18:43:F8:36,-78,1638630392022
14,0,83,D0:F0:18:43:F8:36,-73,1638630392524
14,0,84,D0:F0:18:43:F8:36,-72,1638630393027
14,0,85,D0:F0:18:43:F8:36,-81,1638630393530
14,0,86,D0:F0:18:43:F8:36,-77,1638630394033
14,0,87,D0:F0:18:43:F8:36,-80,1638630394536
14,0,88,D0:F0:18:43:F8:36,-76,1638630395039
14,0,89,D0:F0:18:43:F8:36,-81,1638630395543
14,0,90,D0:F0:18:43:F8:2A,-86,1638630396045
14,0,91,D0:F0:18:43:F8:2A,-87,1638630396548
14,0,92,D0:F0:18:43:F8:36,-77,1638630397050
14,0,93,D0:F0:18:43:F8:36,-77,1638630397552
14,0,94,D0:F0:18:43:F8:36,-81,1638630398056
14,0,95,D0:F0:18:43:F8:36,-78,1638630398558
14,0,96,D0:F0:18:43:F8:36,-76,1638630399061
14,0,97,D0:F0:18:43:F8:2A,-80,1638630399562
14,0,98,D0:F0:18:43:F8:36,-77,1638630400064
14,0,99,D0:F0:18:43:F8:36,-77,1638630400567
14,0,100,D0:F0:18:43:F8:47,-82,1638630401070
14,0,101,D0:F0:18:43:F8:36,-79,1638630401573
14,0,102,D0:F0:18:43:F8:36,-77,1638630402076
14,0,103,D0:F0:18:43:F8:2A,-85,1638630402578
14,0,104,D0:F0:18:43:F8:36,-75,1638630403081
14,0,105,D0:F0:18:43:F8:36,-74,1638630403583
14,0,106,D0:F0:18:43:F8:2A,-85,1638630404086
14,0,107,D0:F0:18:43:F8:47,-87,1638630404588
14,0,108,D0:F0:18:43:F8:36,-81,1638630405090
14,0,109,D0:F0:18:43:F8:2A,-80,1638630405593
14,0,110,D0:F0:18:43:F8:2A,-84,1638630406095
14,0,111,D0:F0:18:43:F8:47,-83,1638630406598
14,0,112,D0:F0:18:43:F8:47,-81,1638630407101
14,0,113,D0:F0:18:43:F8:47,-78,1638630407605
14,0,114,D0:F0:18:43:F8:2A,-80,1638630408107
14,0,115,D0:F0:18:43:F8:2A,-81,1638630408610
14,0,116,D0:F0:18:43:F8:2A,-81,1638630409113
14,0,117,D0:F0:18:43:F8:47,-75,1638630409618
14,0,118,D0:F0:18:43:F8:36,-86,1638630410120
14,0,119,D0:F0:18:43:F8:2A,-87,1638630410622
